day,temp,salt,cond,od
d1,15C,16,blank,0.0406000018119812
d1,15C,16,blank,0.041200000792741776
d1,15C,16,charles,0.3917999863624573
d1,15C,16,blank,0.041999999433755875
d1,15C,31,blank,0.04149999842047691
d1,15C,31,blank,0.04100000113248825
d1,15C,31,charles,0.4187999963760376
d1,15C,31,blank,0.04050000011920929
d1,15C,46,blank,0.040699999779462814
d1,15C,46,blank,0.04170000180602074
d1,15C,46,charles,0.08550000190734863
d1,15C,46,blank,0.0414000004529953
d1,15C,16,ica,0.4578000009059906
d1,15C,16,blank,0.04089999943971634
d1,15C,16,charles,0.37560001015663147
d1,15C,16,blank,0.042100001126527786
d1,15C,31,ica,0.4350000023841858
d1,15C,31,blank,0.0406000018119812
d1,15C,31,charles,0.34769999980926514
d1,15C,31,blank,0.0414000004529953
d1,15C,46,ica,0.4090999960899353
d1,15C,46,blank,0.040699999779462814
d1,15C,46,charles,0.1177000030875206
d1,15C,46,blank,0.04129999876022339
d1,15C,16,ica,0.35190001130104065
d1,15C,16,blank,0.04089999943971634
d1,15C,16,charles,0.3479999899864197
d1,15C,16,blank,0.04089999943971634
d1,15C,31,ica,0.3995000123977661
d1,15C,31,blank,0.0430000014603138
d1,15C,31,charles,0.41659998893737793
d1,15C,31,blank,0.04129999876022339
d1,15C,46,ica,0.36820000410079956
d1,15C,46,blank,0.0414000004529953
d1,15C,46,charles,0.11789999902248383
d1,15C,46,blank,0.04129999876022339
d1,15C,16,ica,0.45980000495910645
d1,15C,16,blank,0.04100000113248825
d1,15C,16,blank,0.0421999990940094
d1,15C,16,blank,0.04100000113248825
d1,15C,31,ica,0.4724000096321106
d1,15C,31,blank,0.0414000004529953
d1,15C,31,blank,0.0414000004529953
d1,15C,31,blank,0.041099999099969864
d1,15C,46,ica,0.4189000129699707
d1,15C,46,blank,0.040699999779462814
d1,15C,46,blank,0.0414000004529953
d1,15C,46,blank,0.04100000113248825
d1,15C,16,blank,0.040699999779462814
d1,15C,16,blank,0.04439999908208847
d1,15C,16,fucus,0.4131999909877777
d1,15C,16,blank,0.04129999876022339
d1,15C,31,blank,0.04179999977350235
d1,15C,31,blank,0.040699999779462814
d1,15C,31,fucus,0.43299999833106995
d1,15C,31,blank,0.04230000078678131
d1,15C,46,blank,0.041600000113248825
d1,15C,46,blank,0.045099999755620956
d1,15C,46,fucus,0.3935000002384186
d1,15C,46,blank,0.04100000113248825
d1,15C,16,nahant,0.4336000084877014
d1,15C,16,blank,0.041200000792741776
d1,15C,16,fucus,0.43549999594688416
d1,15C,16,blank,0.041099999099969864
d1,15C,31,nahant,0.2863999903202057
d1,15C,31,blank,0.040800001472234726
d1,15C,31,fucus,0.4456999897956848
d1,15C,31,blank,0.040699999779462814
d1,15C,46,nahant,0.4636000096797943
d1,15C,46,blank,0.0414000004529953
d1,15C,46,fucus,0.37529999017715454
d1,15C,46,blank,0.040800001472234726
d1,15C,16,nahant,0.5285999774932861
d1,15C,16,blank,0.041200000792741776
d1,15C,16,fucus,0.4401000142097473
d1,15C,16,blank,0.040699999779462814
d1,15C,31,nahant,0.44020000100135803
d1,15C,31,blank,0.04129999876022339
d1,15C,31,fucus,0.4668999910354614
d1,15C,31,blank,0.04050000011920929
d1,15C,46,nahant,0.45899999141693115
d1,15C,46,blank,0.04170000180602074
d1,15C,46,fucus,0.36059999465942383
d1,15C,46,blank,0.040699999779462814
d1,15C,16,nahant,0.36469998955726624
d1,15C,16,blank,0.041099999099969864
d1,15C,16,blank,0.0430000014603138
d1,15C,16,blank,0.04019999876618385
d1,15C,31,nahant,0.6797000169754028
d1,15C,31,blank,0.04010000079870224
d1,15C,31,blank,0.0406000018119812
d1,15C,31,blank,0.040699999779462814
d1,15C,46,nahant,0.3824000060558319
d1,15C,46,blank,0.0414000004529953
d1,15C,46,blank,0.04149999842047691
d1,15C,46,blank,0.0406000018119812
d1,roomtemp,16,blank,0.04039999842643738
d1,roomtemp,16,blank,0.041200000792741776
d1,roomtemp,16,charles,0.5446000099182129
d1,roomtemp,16,blank,0.04259999841451645
d1,roomtemp,31,blank,0.04129999876022339
d1,roomtemp,31,blank,0.04129999876022339
d1,roomtemp,31,charles,0.7231000065803528
d1,roomtemp,31,blank,0.04039999842643738
d1,roomtemp,46,blank,0.0406000018119812
d1,roomtemp,46,blank,0.041600000113248825
d1,roomtemp,46,charles,0.5090000033378601
d1,roomtemp,46,blank,0.06849999725818634
d1,roomtemp,16,ica,0.6208999752998352
d1,roomtemp,16,blank,0.04129999876022339
d1,roomtemp,16,charles,0.49799999594688416
d1,roomtemp,16,blank,0.04170000180602074
d1,roomtemp,31,ica,0.822700023651123
d1,roomtemp,31,blank,0.040699999779462814
d1,roomtemp,31,charles,0.4410000145435333
d1,roomtemp,31,blank,0.04129999876022339
d1,roomtemp,46,ica,0.6025999784469604
d1,roomtemp,46,blank,0.04100000113248825
d1,roomtemp,46,charles,0.4641000032424927
d1,roomtemp,46,blank,0.04100000113248825
d1,roomtemp,16,ica,0.5382999777793884
d1,roomtemp,16,blank,0.04100000113248825
d1,roomtemp,16,charles,0.46380001306533813
d1,roomtemp,16,blank,0.0406000018119812
d1,roomtemp,31,ica,0.4375999867916107
d1,roomtemp,31,blank,0.041099999099969864
d1,roomtemp,31,charles,0.656000018119812
d1,roomtemp,31,blank,0.04190000146627426
d1,roomtemp,46,ica,0.8055999875068665
d1,roomtemp,46,blank,0.04100000113248825
d1,roomtemp,46,charles,0.5070000290870667
d1,roomtemp,46,blank,0.041600000113248825
d1,roomtemp,16,ica,0.6851000189781189
d1,roomtemp,16,blank,0.041200000792741776
d1,roomtemp,16,blank,0.041099999099969864
d1,roomtemp,16,blank,0.040800001472234726
d1,roomtemp,31,ica,0.708899974822998
d1,roomtemp,31,blank,0.041200000792741776
d1,roomtemp,31,blank,0.0414000004529953
d1,roomtemp,31,blank,0.040800001472234726
d1,roomtemp,46,ica,0.6043000221252441
d1,roomtemp,46,blank,0.0406000018119812
d1,roomtemp,46,blank,0.042500000447034836
d1,roomtemp,46,blank,0.04179999977350235
d1,roomtemp,16,blank,0.040800001472234726
d1,roomtemp,16,blank,0.0414000004529953
d1,roomtemp,16,fucus,0.6067000031471252
d1,roomtemp,16,blank,0.041200000792741776
d1,roomtemp,31,blank,0.041600000113248825
d1,roomtemp,31,blank,0.041200000792741776
d1,roomtemp,31,fucus,0.5486000180244446
d1,roomtemp,31,blank,0.041200000792741776
d1,roomtemp,46,blank,0.04100000113248825
d1,roomtemp,46,blank,0.04129999876022339
d1,roomtemp,46,fucus,0.5120000243186951
d1,roomtemp,46,blank,0.04129999876022339
d1,roomtemp,16,nahant,0.5008000135421753
d1,roomtemp,16,blank,0.0414000004529953
d1,roomtemp,16,fucus,0.5593000054359436
d1,roomtemp,16,blank,0.0414000004529953
d1,roomtemp,31,nahant,0.8467000126838684
d1,roomtemp,31,blank,0.040800001472234726
d1,roomtemp,31,fucus,0.5676000118255615
d1,roomtemp,31,blank,0.040699999779462814
d1,roomtemp,46,nahant,0.4674000144004822
d1,roomtemp,46,blank,0.04170000180602074
d1,roomtemp,46,fucus,0.4799000024795532
d1,roomtemp,46,blank,0.04089999943971634
d1,roomtemp,16,nahant,0.6916000247001648
d1,roomtemp,16,blank,0.041099999099969864
d1,roomtemp,16,fucus,0.6930000185966492
d1,roomtemp,16,blank,0.04050000011920929
d1,roomtemp,31,nahant,0.508400022983551
d1,roomtemp,31,blank,0.0414000004529953
d1,roomtemp,31,fucus,0.527400016784668
d1,roomtemp,31,blank,0.0406000018119812
d1,roomtemp,46,nahant,0.47369998693466187
d1,roomtemp,46,blank,0.04179999977350235
d1,roomtemp,46,fucus,0.5367000102996826
d1,roomtemp,46,blank,0.04089999943971634
d1,roomtemp,16,nahant,0.526199996471405
d1,roomtemp,16,blank,0.041600000113248825
d1,roomtemp,16,blank,0.04170000180602074
d1,roomtemp,16,blank,0.040699999779462814
d1,roomtemp,31,nahant,0.4657999873161316
d1,roomtemp,31,blank,0.04019999876618385
d1,roomtemp,31,blank,0.040699999779462814
d1,roomtemp,31,blank,0.040699999779462814
d1,roomtemp,46,nahant,0.6255000233650208
d1,roomtemp,46,blank,0.041200000792741776
d1,roomtemp,46,blank,0.041099999099969864
d1,roomtemp,46,blank,0.040800001472234726
d2,15C,16,blank,0.04100000113248825
d2,15C,16,blank,0.041099999099969864
d2,15C,16,charles,0.486299991607666
d2,15C,16,blank,0.04179999977350235
d2,15C,31,blank,0.04149999842047691
d2,15C,31,blank,0.04089999943971634
d2,15C,31,charles,0.6105999946594238
d2,15C,31,blank,0.04129999876022339
d2,15C,46,blank,0.04170000180602074
d2,15C,46,blank,0.04190000146627426
d2,15C,46,charles,0.5296000242233276
d2,15C,46,blank,0.04129999876022339
d2,15C,16,ica,0.6309999823570251
d2,15C,16,blank,0.041099999099969864
d2,15C,16,charles,0.6039999723434448
d2,15C,16,blank,0.041200000792741776
d2,15C,31,ica,0.573199987411499
d2,15C,31,blank,0.04050000011920929
d2,15C,31,charles,0.609000027179718
d2,15C,31,blank,0.04089999943971634
d2,15C,46,ica,0.9013000130653381
d2,15C,46,blank,0.041200000792741776
d2,15C,46,charles,0.5593000054359436
d2,15C,46,blank,0.041200000792741776
d2,15C,16,ica,0.5157999992370605
d2,15C,16,blank,0.04230000078678131
d2,15C,16,charles,0.5285999774932861
d2,15C,16,blank,0.04129999876022339
d2,15C,31,ica,0.5785999894142151
d2,15C,31,blank,0.04129999876022339
d2,15C,31,charles,0.5422000288963318
d2,15C,31,blank,0.04100000113248825
d2,15C,46,ica,0.7789999842643738
d2,15C,46,blank,0.04129999876022339
d2,15C,46,charles,0.4659999907016754
d2,15C,46,blank,0.04089999943971634
d2,15C,16,ica,0.5830000042915344
d2,15C,16,blank,0.041200000792741776
d2,15C,16,blank,0.04089999943971634
d2,15C,16,blank,0.04089999943971634
d2,15C,31,ica,0.626800000667572
d2,15C,31,blank,0.04019999876618385
d2,15C,31,blank,0.040699999779462814
d2,15C,31,blank,0.04089999943971634
d2,15C,46,ica,0.8410000205039978
d2,15C,46,blank,0.040699999779462814
d2,15C,46,blank,0.042100001126527786
d2,15C,46,blank,0.041099999099969864
d2,15C,16,blank,0.0406000018119812
d2,15C,16,blank,0.04089999943971634
d2,15C,16,fucus,0.6414999961853027
d2,15C,16,blank,0.0414000004529953
d2,15C,31,blank,0.04170000180602074
d2,15C,31,blank,0.042100001126527786
d2,15C,31,fucus,0.5486000180244446
d2,15C,31,blank,0.04190000146627426
d2,15C,46,blank,0.041600000113248825
d2,15C,46,blank,0.04100000113248825
d2,15C,46,fucus,0.44040000438690186
d2,15C,46,blank,0.041999999433755875
d2,15C,16,nahant,0.7106000185012817
d2,15C,16,blank,0.040699999779462814
d2,15C,16,fucus,0.6193000078201294
d2,15C,16,blank,0.041099999099969864
d2,15C,31,nahant,0.6151999831199646
d2,15C,31,blank,0.0406000018119812
d2,15C,31,fucus,0.5148000121116638
d2,15C,31,blank,0.04089999943971634
d2,15C,46,nahant,0.6258999705314636
d2,15C,46,blank,0.0414000004529953
d2,15C,46,fucus,0.9014999866485596
d2,15C,46,blank,0.041999999433755875
d2,15C,16,nahant,0.6572999954223633
d2,15C,16,blank,0.04050000011920929
d2,15C,16,fucus,0.6427000164985657
d2,15C,16,blank,0.040300000458955765
d2,15C,31,nahant,0.4724000096321106
d2,15C,31,blank,0.040800001472234726
d2,15C,31,fucus,0.5759000182151794
d2,15C,31,blank,0.040800001472234726
d2,15C,46,nahant,0.7477999925613403
d2,15C,46,blank,0.04129999876022339
d2,15C,46,fucus,0.8769999742507935
d2,15C,46,blank,0.041200000792741776
d2,15C,16,nahant,0.560699999332428
d2,15C,16,blank,0.04149999842047691
d2,15C,16,blank,0.040699999779462814
d2,15C,16,blank,0.04100000113248825
d2,15C,31,nahant,0.6399000287055969
d2,15C,31,blank,0.03970000147819519
d2,15C,31,blank,0.039900001138448715
d2,15C,31,blank,0.04050000011920929
d2,15C,46,nahant,0.7204999923706055
d2,15C,46,blank,0.0406000018119812
d2,15C,46,blank,0.040800001472234726
d2,15C,46,blank,0.04039999842643738
d2,roomtemp,16,blank,0.04039999842643738
d2,roomtemp,16,blank,0.040699999779462814
d2,roomtemp,16,charles,0.5382999777793884
d2,roomtemp,16,blank,0.04170000180602074
d2,roomtemp,31,blank,0.04100000113248825
d2,roomtemp,31,blank,0.041200000792741776
d2,roomtemp,31,charles,0.6244000196456909
d2,roomtemp,31,blank,0.04100000113248825
d2,roomtemp,46,blank,0.041600000113248825
d2,roomtemp,46,blank,0.04179999977350235
d2,roomtemp,46,charles,0.6414999961853027
d2,roomtemp,46,blank,0.04390000179409981
d2,roomtemp,16,ica,0.6380000114440918
d2,roomtemp,16,blank,0.04170000180602074
d2,roomtemp,16,charles,0.5164999961853027
d2,roomtemp,16,blank,0.041099999099969864
d2,roomtemp,31,ica,0.5878999829292297
d2,roomtemp,31,blank,0.040800001472234726
d2,roomtemp,31,charles,0.42969998717308044
d2,roomtemp,31,blank,0.04089999943971634
d2,roomtemp,46,ica,0.6154999732971191
d2,roomtemp,46,blank,0.04129999876022339
d2,roomtemp,46,charles,0.7541999816894531
d2,roomtemp,46,blank,0.0414000004529953
d2,roomtemp,16,ica,0.48559999465942383
d2,roomtemp,16,blank,0.04129999876022339
d2,roomtemp,16,charles,0.4828999936580658
d2,roomtemp,16,blank,0.041099999099969864
d2,roomtemp,31,ica,0.44279998540878296
d2,roomtemp,31,blank,0.041099999099969864
d2,roomtemp,31,charles,0.49889999628067017
d2,roomtemp,31,blank,0.041099999099969864
d2,roomtemp,46,ica,0.7092000246047974
d2,roomtemp,46,blank,0.041099999099969864
d2,roomtemp,46,charles,0.823199987411499
d2,roomtemp,46,blank,0.04129999876022339
d2,roomtemp,16,ica,0.44519999623298645
d2,roomtemp,16,blank,0.04129999876022339
d2,roomtemp,16,blank,0.04179999977350235
d2,roomtemp,16,blank,0.04089999943971634
d2,roomtemp,31,ica,0.5690000057220459
d2,roomtemp,31,blank,0.041099999099969864
d2,roomtemp,31,blank,0.041200000792741776
d2,roomtemp,31,blank,0.04100000113248825
d2,roomtemp,46,ica,0.5544999837875366
d2,roomtemp,46,blank,0.041099999099969864
d2,roomtemp,46,blank,0.04129999876022339
d2,roomtemp,46,blank,0.04100000113248825
d2,roomtemp,16,blank,0.040800001472234726
d2,roomtemp,16,blank,0.043699998408555984
d2,roomtemp,16,fucus,0.4196999967098236
d2,roomtemp,16,blank,0.04170000180602074
d2,roomtemp,31,blank,0.04179999977350235
d2,roomtemp,31,blank,0.0406000018119812
d2,roomtemp,31,fucus,0.4368000030517578
d2,roomtemp,31,blank,0.04149999842047691
d2,roomtemp,46,blank,0.041200000792741776
d2,roomtemp,46,blank,0.041200000792741776
d2,roomtemp,46,fucus,0.5954999923706055
d2,roomtemp,46,blank,0.0414000004529953
d2,roomtemp,16,nahant,0.33820000290870667
d2,roomtemp,16,blank,0.04179999977350235
d2,roomtemp,16,fucus,0.4429999887943268
d2,roomtemp,16,blank,0.041600000113248825
d2,roomtemp,31,nahant,0.6154000163078308
d2,roomtemp,31,blank,0.0406000018119812
d2,roomtemp,31,fucus,0.5432999730110168
d2,roomtemp,31,blank,0.040800001472234726
d2,roomtemp,46,nahant,0.46939998865127563
d2,roomtemp,46,blank,0.0421999990940094
d2,roomtemp,46,fucus,0.5210999846458435
d2,roomtemp,46,blank,0.04100000113248825
d2,roomtemp,16,nahant,0.3763999938964844
d2,roomtemp,16,blank,0.0406000018119812
d2,roomtemp,16,fucus,0.45730000734329224
d2,roomtemp,16,blank,0.041099999099969864
d2,roomtemp,31,nahant,0.5062999725341797
d2,roomtemp,31,blank,0.04089999943971634
d2,roomtemp,31,fucus,0.5544999837875366
d2,roomtemp,31,blank,0.04089999943971634
d2,roomtemp,46,nahant,0.4336000084877014
d2,roomtemp,46,blank,0.0414000004529953
d2,roomtemp,46,fucus,0.574999988079071
d2,roomtemp,46,blank,0.041099999099969864
d2,roomtemp,16,nahant,0.4302999973297119
d2,roomtemp,16,blank,0.04100000113248825
d2,roomtemp,16,blank,0.040800001472234726
d2,roomtemp,16,blank,0.04010000079870224
d2,roomtemp,31,nahant,0.6037999987602234
d2,roomtemp,31,blank,0.04019999876618385
d2,roomtemp,31,blank,0.04050000011920929
d2,roomtemp,31,blank,0.041600000113248825
d2,roomtemp,46,nahant,0.6674000024795532
d2,roomtemp,46,blank,0.04010000079870224
d2,roomtemp,46,blank,0.04179999977350235
d2,roomtemp,46,blank,0.04089999943971634
d3,15C,16,blank,0.040800001472234726
d3,15C,16,blank,0.04230000078678131
d3,15C,16,charles,0.6341000199317932
d3,15C,16,blank,0.041200000792741776
d3,15C,31,blank,0.040800001472234726
d3,15C,31,blank,0.04089999943971634
d3,15C,31,charles,0.5232999920845032
d3,15C,31,blank,0.04129999876022339
d3,15C,46,blank,0.04190000146627426
d3,15C,46,blank,0.04309999942779541
d3,15C,46,charles,0.6984000205993652
d3,15C,46,blank,0.0414000004529953
d3,15C,16,ica,0.5963000059127808
d3,15C,16,blank,0.041099999099969864
d3,15C,16,charles,0.6754999756813049
d3,15C,16,blank,0.04179999977350235
d3,15C,31,ica,0.5537999868392944
d3,15C,31,blank,0.04089999943971634
d3,15C,31,charles,0.6395000219345093
d3,15C,31,blank,0.04190000146627426
d3,15C,46,ica,0.6840999722480774
d3,15C,46,blank,0.041099999099969864
d3,15C,46,charles,0.5663999915122986
d3,15C,46,blank,0.04190000146627426
d3,15C,16,ica,0.6377000212669373
d3,15C,16,blank,0.04100000113248825
d3,15C,16,charles,0.557699978351593
d3,15C,16,blank,0.0414000004529953
d3,15C,31,ica,0.6043000221252441
d3,15C,31,blank,0.04089999943971634
d3,15C,31,charles,0.7114999890327454
d3,15C,31,blank,0.0421999990940094
d3,15C,46,ica,0.6833000183105469
d3,15C,46,blank,0.04129999876022339
d3,15C,46,charles,0.4724000096321106
d3,15C,46,blank,0.04179999977350235
d3,15C,16,ica,0.5812000036239624
d3,15C,16,blank,0.041200000792741776
d3,15C,16,blank,0.04100000113248825
d3,15C,16,blank,0.04129999876022339
d3,15C,31,ica,0.564300000667572
d3,15C,31,blank,0.0414000004529953
d3,15C,31,blank,0.04089999943971634
d3,15C,31,blank,0.042100001126527786
d3,15C,46,ica,0.6302000284194946
d3,15C,46,blank,0.041600000113248825
d3,15C,46,blank,0.04129999876022339
d3,15C,46,blank,0.04149999842047691
d3,15C,16,blank,0.04089999943971634
d3,15C,16,blank,0.04529999941587448
d3,15C,16,fucus,0.5733000040054321
d3,15C,16,blank,0.041099999099969864
d3,15C,31,blank,0.041999999433755875
d3,15C,31,blank,0.0421999990940094
d3,15C,31,fucus,0.5418999791145325
d3,15C,31,blank,0.041600000113248825
d3,15C,46,blank,0.04129999876022339
d3,15C,46,blank,0.041200000792741776
d3,15C,46,fucus,0.4943000078201294
d3,15C,46,blank,0.04179999977350235
d3,15C,16,nahant,0.6327999830245972
d3,15C,16,blank,0.040800001472234726
d3,15C,16,fucus,0.539900004863739
d3,15C,16,blank,0.040800001472234726
d3,15C,31,nahant,0.6047999858856201
d3,15C,31,blank,0.04100000113248825
d3,15C,31,fucus,0.5059999823570251
d3,15C,31,blank,0.0421999990940094
d3,15C,46,nahant,0.6488000154495239
d3,15C,46,blank,0.041200000792741776
d3,15C,46,fucus,0.646399974822998
d3,15C,46,blank,0.04089999943971634
d3,15C,16,nahant,0.489300012588501
d3,15C,16,blank,0.040800001472234726
d3,15C,16,fucus,0.5435000061988831
d3,15C,16,blank,0.04089999943971634
d3,15C,31,nahant,0.47620001435279846
d3,15C,31,blank,0.04129999876022339
d3,15C,31,fucus,0.6007999777793884
d3,15C,31,blank,0.04170000180602074
d3,15C,46,nahant,0.5277000069618225
d3,15C,46,blank,0.04129999876022339
d3,15C,46,fucus,0.6934999823570251
d3,15C,46,blank,0.042100001126527786
d3,15C,16,nahant,0.461899995803833
d3,15C,16,blank,0.0406000018119812
d3,15C,16,blank,0.04100000113248825
d3,15C,16,blank,0.039900001138448715
d3,15C,31,nahant,0.6791999936103821
d3,15C,31,blank,0.04050000011920929
d3,15C,31,blank,0.0406000018119812
d3,15C,31,blank,0.04050000011920929
d3,15C,46,nahant,0.5572999715805054
d3,15C,46,blank,0.04190000146627426
d3,15C,46,blank,0.041999999433755875
d3,15C,46,blank,0.04149999842047691
d3,roomtemp,16,blank,0.0414000004529953
d3,roomtemp,16,blank,0.04179999977350235
d3,roomtemp,16,charles,0.6363000273704529
d3,roomtemp,16,blank,0.0414000004529953
d3,roomtemp,31,blank,0.041200000792741776
d3,roomtemp,31,blank,0.041099999099969864
d3,roomtemp,31,charles,0.70169997215271
d3,roomtemp,31,blank,0.040800001472234726
d3,roomtemp,46,blank,0.041099999099969864
d3,roomtemp,46,blank,0.042100001126527786
d3,roomtemp,46,charles,0.5963000059127808
d3,roomtemp,46,blank,0.04100000113248825
d3,roomtemp,16,ica,0.5370000004768372
d3,roomtemp,16,blank,0.041099999099969864
d3,roomtemp,16,charles,0.48010000586509705
d3,roomtemp,16,blank,0.041999999433755875
d3,roomtemp,31,ica,0.5371999740600586
d3,roomtemp,31,blank,0.04100000113248825
d3,roomtemp,31,charles,0.5460000038146973
d3,roomtemp,31,blank,0.04149999842047691
d3,roomtemp,46,ica,0.6396999955177307
d3,roomtemp,46,blank,0.0414000004529953
d3,roomtemp,46,charles,0.8228999972343445
d3,roomtemp,46,blank,0.0414000004529953
d3,roomtemp,16,ica,0.4738999903202057
d3,roomtemp,16,blank,0.04190000146627426
d3,roomtemp,16,charles,0.5134000182151794
d3,roomtemp,16,blank,0.04100000113248825
d3,roomtemp,31,ica,0.49970000982284546
d3,roomtemp,31,blank,0.0414000004529953
d3,roomtemp,31,charles,0.5024999976158142
d3,roomtemp,31,blank,0.041999999433755875
d3,roomtemp,46,ica,0.6762999892234802
d3,roomtemp,46,blank,0.0414000004529953
d3,roomtemp,46,charles,0.7843000292778015
d3,roomtemp,46,blank,0.04149999842047691
d3,roomtemp,16,ica,0.5230000019073486
d3,roomtemp,16,blank,0.04179999977350235
d3,roomtemp,16,blank,0.041200000792741776
d3,roomtemp,16,blank,0.041600000113248825
d3,roomtemp,31,ica,0.6531999707221985
d3,roomtemp,31,blank,0.040800001472234726
d3,roomtemp,31,blank,0.04170000180602074
d3,roomtemp,31,blank,0.042100001126527786
d3,roomtemp,46,ica,0.4729999899864197
d3,roomtemp,46,blank,0.040800001472234726
d3,roomtemp,46,blank,0.0414000004529953
d3,roomtemp,46,blank,0.041200000792741776
d3,roomtemp,16,blank,0.04100000113248825
d3,roomtemp,16,blank,0.0414000004529953
d3,roomtemp,16,fucus,0.5042999982833862
d3,roomtemp,16,blank,0.04129999876022339
d3,roomtemp,31,blank,0.04320000112056732
d3,roomtemp,31,blank,0.04179999977350235
d3,roomtemp,31,fucus,0.5515000224113464
d3,roomtemp,31,blank,0.043299999088048935
d3,roomtemp,46,blank,0.041600000113248825
d3,roomtemp,46,blank,0.041099999099969864
d3,roomtemp,46,fucus,0.5318999886512756
d3,roomtemp,46,blank,0.04149999842047691
d3,roomtemp,16,nahant,0.4357999861240387
d3,roomtemp,16,blank,0.040800001472234726
d3,roomtemp,16,fucus,0.5189999938011169
d3,roomtemp,16,blank,0.0414000004529953
d3,roomtemp,31,nahant,0.7386000156402588
d3,roomtemp,31,blank,0.04089999943971634
d3,roomtemp,31,fucus,0.5839999914169312
d3,roomtemp,31,blank,0.041200000792741776
d3,roomtemp,46,nahant,0.4584999978542328
d3,roomtemp,46,blank,0.04170000180602074
d3,roomtemp,46,fucus,0.5622000098228455
d3,roomtemp,46,blank,0.040800001472234726
d3,roomtemp,16,nahant,0.5252000093460083
d3,roomtemp,16,blank,0.040800001472234726
d3,roomtemp,16,fucus,0.5188999772071838
d3,roomtemp,16,blank,0.040800001472234726
d3,roomtemp,31,nahant,0.41260001063346863
d3,roomtemp,31,blank,0.041600000113248825
d3,roomtemp,31,fucus,0.508400022983551
d3,roomtemp,31,blank,0.041099999099969864
d3,roomtemp,46,nahant,0.4666999876499176
d3,roomtemp,46,blank,0.04190000146627426
d3,roomtemp,46,fucus,0.6039000153541565
d3,roomtemp,46,blank,0.041099999099969864
d3,roomtemp,16,nahant,0.34880000352859497
d3,roomtemp,16,blank,0.04259999841451645
d3,roomtemp,16,blank,0.04190000146627426
d3,roomtemp,16,blank,0.04039999842643738
d3,roomtemp,31,nahant,0.367000013589859
d3,roomtemp,31,blank,0.04050000011920929
d3,roomtemp,31,blank,0.04050000011920929
d3,roomtemp,31,blank,0.04050000011920929
d3,roomtemp,46,nahant,0.647599995136261
d3,roomtemp,46,blank,0.041999999433755875
d3,roomtemp,46,blank,0.04179999977350235
d3,roomtemp,46,blank,0.0414000004529953
d4,15C,16,blank,0.0406000018119812
d4,15C,16,blank,0.04149999842047691
d4,15C,16,charles,0.4814999997615814
d4,15C,16,blank,0.041600000113248825
d4,15C,31,blank,0.041200000792741776
d4,15C,31,blank,0.041200000792741776
d4,15C,31,charles,0.47279998660087585
d4,15C,31,blank,0.04100000113248825
d4,15C,46,blank,0.04179999977350235
d4,15C,46,blank,0.04190000146627426
d4,15C,46,charles,0.5159000158309937
d4,15C,46,blank,0.04270000010728836
d4,15C,16,ica,0.5662999749183655
d4,15C,16,blank,0.04149999842047691
d4,15C,16,charles,0.560699999332428
d4,15C,16,blank,0.041600000113248825
d4,15C,31,ica,0.5751000046730042
d4,15C,31,blank,0.040699999779462814
d4,15C,31,charles,0.5701000094413757
d4,15C,31,blank,0.041200000792741776
d4,15C,46,ica,0.5752000212669373
d4,15C,46,blank,0.04129999876022339
d4,15C,46,charles,0.5059000253677368
d4,15C,46,blank,0.04129999876022339
d4,15C,16,ica,0.5853999853134155
d4,15C,16,blank,0.042399998754262924
d4,15C,16,charles,0.50279998779296875
d4,15C,16,blank,0.040800001472234726
d4,15C,31,ica,0.5485000014305115
d4,15C,31,blank,0.0414000004529953
d4,15C,31,charles,0.5568000078201294
d4,15C,31,blank,0.041099999099969864
d4,15C,46,ica,0.6894999742507935
d4,15C,46,blank,0.04100000113248825
d4,15C,46,charles,0.611299991607666
d4,15C,46,blank,0.04100000113248825
d4,15C,16,ica,0.5097000002861023
d4,15C,16,blank,0.0414000004529953
d4,15C,16,blank,0.041200000792741776
d4,15C,16,blank,0.041099999099969864
d4,15C,31,ica,0.6728000044822693
d4,15C,31,blank,0.041200000792741776
d4,15C,31,blank,0.041200000792741776
d4,15C,31,blank,0.04129999876022339
d4,15C,46,ica,0.6197999715805054
d4,15C,46,blank,0.040699999779462814
d4,15C,46,blank,0.0414000004529953
d4,15C,46,blank,0.04100000113248825
d4,15C,16,blank,0.040800001472234726
d4,15C,16,blank,0.041200000792741776
d4,15C,16,fucus,0.5123999714851379
d4,15C,16,blank,0.04100000113248825
d4,15C,31,blank,0.0421999990940094
d4,15C,31,blank,0.040800001472234726
d4,15C,31,fucus,0.5565000176429749
d4,15C,31,blank,0.04170000180602074
d4,15C,46,blank,0.04190000146627426
d4,15C,46,blank,0.041200000792741776
d4,15C,46,fucus,0.5800999999046326
d4,15C,46,blank,0.041099999099969864
d4,15C,16,nahant,0.546500027179718
d4,15C,16,blank,0.0414000004529953
d4,15C,16,fucus,0.5038999915122986
d4,15C,16,blank,0.04129999876022339
d4,15C,31,nahant,0.5630999803543091
d4,15C,31,blank,0.04089999943971634
d4,15C,31,fucus,0.4683000147342682
d4,15C,31,blank,0.041099999099969864
d4,15C,46,nahant,0.6534000039100647
d4,15C,46,blank,0.04170000180602074
d4,15C,46,fucus,0.5972999930381775
d4,15C,46,blank,0.04100000113248825
d4,15C,16,nahant,0.4510999917984009
d4,15C,16,blank,0.04089999943971634
d4,15C,16,fucus,0.5468999743461609
d4,15C,16,blank,0.04050000011920929
d4,15C,31,nahant,0.4984000027179718
d4,15C,31,blank,0.0414000004529953
d4,15C,31,fucus,0.6832000017166138
d4,15C,31,blank,0.04089999943971634
d4,15C,46,nahant,0.5702999830245972
d4,15C,46,blank,0.041999999433755875
d4,15C,46,fucus,0.736299991607666
d4,15C,46,blank,0.041099999099969864
d4,15C,16,nahant,0.4666000008583069
d4,15C,16,blank,0.040699999779462814
d4,15C,16,blank,0.04089999943971634
d4,15C,16,blank,0.040300000458955765
d4,15C,31,nahant,0.5870000123977661
d4,15C,31,blank,0.04019999876618385
d4,15C,31,blank,0.041200000792741776
d4,15C,31,blank,0.04100000113248825
d4,15C,46,nahant,0.5034000277519226
d4,15C,46,blank,0.04050000011920929
d4,15C,46,blank,0.04129999876022339
d4,15C,46,blank,0.041099999099969864
d4,roomtemp,16,blank,0.0406000018119812
d4,roomtemp,16,blank,0.04129999876022339
d4,roomtemp,16,charles,0.6726999878883362
d4,roomtemp,16,blank,0.042100001126527786
d4,roomtemp,31,blank,0.04089999943971634
d4,roomtemp,31,blank,0.0421999990940094
d4,roomtemp,31,charles,0.9830999970436096
d4,roomtemp,31,blank,0.040699999779462814
d4,roomtemp,46,blank,0.0406000018119812
d4,roomtemp,46,blank,0.041999999433755875
d4,roomtemp,46,charles,0.8759999871253967
d4,roomtemp,46,blank,0.041200000792741776
d4,roomtemp,16,ica,0.6639000177383423
d4,roomtemp,16,blank,0.04100000113248825
d4,roomtemp,16,charles,0.4839000105857849
d4,roomtemp,16,blank,0.04170000180602074
d4,roomtemp,31,ica,0.609000027179718
d4,roomtemp,31,blank,0.0406000018119812
d4,roomtemp,31,charles,0.5479000210762024
d4,roomtemp,31,blank,0.04149999842047691
d4,roomtemp,46,ica,0.5927000045776367
d4,roomtemp,46,blank,0.041200000792741776
d4,roomtemp,46,charles,0.7695000171661377
d4,roomtemp,46,blank,0.041200000792741776
d4,roomtemp,16,ica,0.5011000037193298
d4,roomtemp,16,blank,0.04050000011920929
d4,roomtemp,16,charles,0.579200029373169
d4,roomtemp,16,blank,0.04089999943971634
d4,roomtemp,31,ica,0.5741000175476074
d4,roomtemp,31,blank,0.04129999876022339
d4,roomtemp,31,charles,0.5378999710083008
d4,roomtemp,31,blank,0.04179999977350235
d4,roomtemp,46,ica,0.6430000066757202
d4,roomtemp,46,blank,0.0414000004529953
d4,roomtemp,46,charles,0.7057999968528748
d4,roomtemp,46,blank,0.041200000792741776
d4,roomtemp,16,ica,0.45820000767707825
d4,roomtemp,16,blank,0.040800001472234726
d4,roomtemp,16,blank,0.041099999099969864
d4,roomtemp,16,blank,0.04129999876022339
d4,roomtemp,31,ica,0.5952000021934509
d4,roomtemp,31,blank,0.040699999779462814
d4,roomtemp,31,blank,0.041600000113248825
d4,roomtemp,31,blank,0.04179999977350235
d4,roomtemp,46,ica,0.4659000039100647
d4,roomtemp,46,blank,0.040699999779462814
d4,roomtemp,46,blank,0.04149999842047691
d4,roomtemp,46,blank,0.041099999099969864
d4,roomtemp,16,blank,0.04089999943971634
d4,roomtemp,16,blank,0.04089999943971634
d4,roomtemp,16,fucus,0.5162000060081482
d4,roomtemp,16,blank,0.04089999943971634
d4,roomtemp,31,blank,0.04190000146627426
d4,roomtemp,31,blank,0.04149999842047691
d4,roomtemp,31,fucus,0.5274999737739563
d4,roomtemp,31,blank,0.0421999990940094
d4,roomtemp,46,blank,0.04179999977350235
d4,roomtemp,46,blank,0.04129999876022339
d4,roomtemp,46,fucus,0.5814999938011169
d4,roomtemp,46,blank,0.04089999943971634
d4,roomtemp,16,nahant,0.2985999882221222
d4,roomtemp,16,blank,0.0406000018119812
d4,roomtemp,16,fucus,0.5651999711990356
d4,roomtemp,16,blank,0.04100000113248825
d4,roomtemp,31,nahant,0.6173999905586243
d4,roomtemp,31,blank,0.040800001472234726
d4,roomtemp,31,fucus,0.4781999886035919
d4,roomtemp,31,blank,0.04039999842643738
d4,roomtemp,46,nahant,0.4666999876499176
d4,roomtemp,46,blank,0.041600000113248825
d4,roomtemp,46,fucus,0.5598999857902527
d4,roomtemp,46,blank,0.040800001472234726
d4,roomtemp,16,nahant,0.5303999781608582
d4,roomtemp,16,blank,0.040699999779462814
d4,roomtemp,16,fucus,0.45260000228881836
d4,roomtemp,16,blank,0.040300000458955765
d4,roomtemp,31,nahant,0.4327999949455261
d4,roomtemp,31,blank,0.041600000113248825
d4,roomtemp,31,fucus,0.6273999810218811
d4,roomtemp,31,blank,0.040699999779462814
d4,roomtemp,46,nahant,0.5022000074386597
d4,roomtemp,46,blank,0.042100001126527786
d4,roomtemp,46,fucus,0.59170001745224
d4,roomtemp,46,blank,0.041200000792741776
d4,roomtemp,16,nahant,0.3425000011920929
d4,roomtemp,16,blank,0.040800001472234726
d4,roomtemp,16,blank,0.0414000004529953
d4,roomtemp,16,blank,0.04010000079870224
d4,roomtemp,31,nahant,0.4578000009059906
d4,roomtemp,31,blank,0.0406000018119812
d4,roomtemp,31,blank,0.04149999842047691
d4,roomtemp,31,blank,0.04089999943971634
d4,roomtemp,46,nahant,0.6432999968528748
d4,roomtemp,46,blank,0.04149999842047691
d4,roomtemp,46,blank,0.041999999433755875
d4,roomtemp,46,blank,0.040800001472234726
d5,15C,16,blank,0.040699999779462814
d5,15C,16,blank,0.0414000004529953
d5,15C,16,charles,0.49149999022483826
d5,15C,16,blank,0.04170000180602074
d5,15C,31,blank,0.04129999876022339
d5,15C,31,blank,0.041099999099969864
d5,15C,31,charles,0.4862000048160553
d5,15C,31,blank,0.0406000018119812
d5,15C,46,blank,0.040800001472234726
d5,15C,46,blank,0.04170000180602074
d5,15C,46,charles,0.46129998564720154
d5,15C,46,blank,0.0414000004529953
d5,15C,16,ica,0.5730999708175659
d5,15C,16,blank,0.04230000078678131
d5,15C,16,charles,0.558899998664856
d5,15C,16,blank,0.04190000146627426
d5,15C,31,ica,0.5690000057220459
d5,15C,31,blank,0.040800001472234726
d5,15C,31,charles,0.5095000267028809
d5,15C,31,blank,0.0414000004529953
d5,15C,46,ica,0.5810999870300293
d5,15C,46,blank,0.04089999943971634
d5,15C,46,charles,0.5218999981880188
d5,15C,46,blank,0.04129999876022339
d5,15C,16,ica,0.6715999841690063
d5,15C,16,blank,0.04100000113248825
d5,15C,16,charles,0.5149000287055969
d5,15C,16,blank,0.04179999977350235
d5,15C,31,ica,0.6049000024795532
d5,15C,31,blank,0.04129999876022339
d5,15C,31,charles,0.7020000219345093
d5,15C,31,blank,0.04149999842047691
d5,15C,46,ica,0.6678000092506409
d5,15C,46,blank,0.041200000792741776
d5,15C,46,charles,0.5888000130653381
d5,15C,46,blank,0.041200000792741776
d5,15C,16,ica,0.6886000037193298
d5,15C,16,blank,0.041099999099969864
d5,15C,16,blank,0.04129999876022339
d5,15C,16,blank,0.04149999842047691
d5,15C,31,ica,0.5712000131607056
d5,15C,31,blank,0.041200000792741776
d5,15C,31,blank,0.04170000180602074
d5,15C,31,blank,0.0414000004529953
d5,15C,46,ica,0.5914000272750854
d5,15C,46,blank,0.04100000113248825
d5,15C,46,blank,0.0414000004529953
d5,15C,46,blank,0.041099999099969864
d5,15C,16,blank,0.04089999943971634
d5,15C,16,blank,0.04100000113248825
d5,15C,16,fucus,0.5044999718666077
d5,15C,16,blank,0.04089999943971634
d5,15C,31,blank,0.042100001126527786
d5,15C,31,blank,0.040800001472234726
d5,15C,31,fucus,0.5723999738693237
d5,15C,31,blank,0.042500000447034836
d5,15C,46,blank,0.041999999433755875
d5,15C,46,blank,0.041200000792741776
d5,15C,46,fucus,0.5523999929428101
d5,15C,46,blank,0.041099999099969864
d5,15C,16,nahant,0.5353999733924866
d5,15C,16,blank,0.04100000113248825
d5,15C,16,fucus,0.5361999869346619
d5,15C,16,blank,0.04129999876022339
d5,15C,31,nahant,0.5853999853134155
d5,15C,31,blank,0.040800001472234726
d5,15C,31,fucus,0.487199991941452
d5,15C,31,blank,0.041099999099969864
d5,15C,46,nahant,0.6761000156402588
d5,15C,46,blank,0.04149999842047691
d5,15C,46,fucus,0.62220001220703125
d5,15C,46,blank,0.040800001472234726
d5,15C,16,nahant,0.4634000062942505
d5,15C,16,blank,0.04100000113248825
d5,15C,16,fucus,0.5246999859809875
d5,15C,16,blank,0.04039999842643738
d5,15C,31,nahant,0.5054000020027161
d5,15C,31,blank,0.0414000004529953
d5,15C,31,fucus,0.5418999791145325
d5,15C,31,blank,0.040699999779462814
d5,15C,46,nahant,0.6843000054359436
d5,15C,46,blank,0.04170000180602074
d5,15C,46,fucus,0.7084000110626221
d5,15C,46,blank,0.041099999099969864
d5,15C,16,nahant,0.5317999720573425
d5,15C,16,blank,0.04089999943971634
d5,15C,16,blank,0.04149999842047691
d5,15C,16,blank,0.04050000011920929
d5,15C,31,nahant,0.5805000066757202
d5,15C,31,blank,0.04019999876618385
d5,15C,31,blank,0.040800001472234726
d5,15C,31,blank,0.04100000113248825
d5,15C,46,nahant,0.5062000155448914
d5,15C,46,blank,0.04170000180602074
d5,15C,46,blank,0.04190000146627426
d5,15C,46,blank,0.0406000018119812
d5,roomtemp,16,blank,0.040699999779462814
d5,roomtemp,16,blank,0.041099999099969864
d5,roomtemp,16,charles,0.7591000199317932
d5,roomtemp,16,blank,0.04190000146627426
d5,roomtemp,31,blank,0.041200000792741776
d5,roomtemp,31,blank,0.041099999099969864
d5,roomtemp,31,charles,1.0506000518798828
d5,roomtemp,31,blank,0.040699999779462814
d5,roomtemp,46,blank,0.0406000018119812
d5,roomtemp,46,blank,0.041600000113248825
d5,roomtemp,46,charles,1.0285999774932861
d5,roomtemp,46,blank,0.04149999842047691
d5,roomtemp,16,ica,0.6557000279426575
d5,roomtemp,16,blank,0.041099999099969864
d5,roomtemp,16,charles,0.5130000114440918
d5,roomtemp,16,blank,0.04170000180602074
d5,roomtemp,31,ica,0.607699990272522
d5,roomtemp,31,blank,0.040800001472234726
d5,roomtemp,31,charles,0.566100001335144
d5,roomtemp,31,blank,0.0414000004529953
d5,roomtemp,46,ica,0.9853000044822693
d5,roomtemp,46,blank,0.040699999779462814
d5,roomtemp,46,charles,0.8564000129699707
d5,roomtemp,46,blank,0.041200000792741776
d5,roomtemp,16,ica,0.5479000210762024
d5,roomtemp,16,blank,0.04100000113248825
d5,roomtemp,16,charles,0.5774000287055969
d5,roomtemp,16,blank,0.0414000004529953
d5,roomtemp,31,ica,0.5900999903678894
d5,roomtemp,31,blank,0.04129999876022339
d5,roomtemp,31,charles,0.66839998960495
d5,roomtemp,31,blank,0.04149999842047691
d5,roomtemp,46,ica,0.6248999834060669
d5,roomtemp,46,blank,0.041200000792741776
d5,roomtemp,46,charles,0.8187999725341797
d5,roomtemp,46,blank,0.041200000792741776
d5,roomtemp,16,ica,0.6144999861717224
d5,roomtemp,16,blank,0.04100000113248825
d5,roomtemp,16,blank,0.041200000792741776
d5,roomtemp,16,blank,0.0414000004529953
d5,roomtemp,31,ica,0.6327999830245972
d5,roomtemp,31,blank,0.041200000792741776
d5,roomtemp,31,blank,0.041200000792741776
d5,roomtemp,31,blank,0.0414000004529953
d5,roomtemp,46,ica,0.5232999920845032
d5,roomtemp,46,blank,0.04149999842047691
d5,roomtemp,46,blank,0.04129999876022339
d5,roomtemp,46,blank,0.04100000113248825
d5,roomtemp,16,blank,0.040800001472234726
d5,roomtemp,16,blank,0.04089999943971634
d5,roomtemp,16,fucus,0.6186000108718872
d5,roomtemp,16,blank,0.04089999943971634
d5,roomtemp,31,blank,0.04190000146627426
d5,roomtemp,31,blank,0.040800001472234726
d5,roomtemp,31,fucus,0.5299999713897705
d5,roomtemp,31,blank,0.0421999990940094
d5,roomtemp,46,blank,0.04190000146627426
d5,roomtemp,46,blank,0.04129999876022339
d5,roomtemp,46,fucus,0.5806999802589417
d5,roomtemp,46,blank,0.041600000113248825
d5,roomtemp,16,nahant,0.5444999933242798
d5,roomtemp,16,blank,0.04100000113248825
d5,roomtemp,16,fucus,0.6583999991416931
d5,roomtemp,16,blank,0.041200000792741776
d5,roomtemp,31,nahant,0.6952999830245972
d5,roomtemp,31,blank,0.04089999943971634
d5,roomtemp,31,fucus,0.5934000015258789
d5,roomtemp,31,blank,0.040800001472234726
d5,roomtemp,46,nahant,0.46480000019073486
d5,roomtemp,46,blank,0.04320000112056732
d5,roomtemp,46,fucus,0.5795999765396118
d5,roomtemp,46,blank,0.040800001472234726
d5,roomtemp,16,nahant,0.5633000135421753
d5,roomtemp,16,blank,0.04100000113248825
d5,roomtemp,16,fucus,0.5605999827384949
d5,roomtemp,16,blank,0.04039999842643738
d5,roomtemp,31,nahant,0.42239999771118164
d5,roomtemp,31,blank,0.04149999842047691
d5,roomtemp,31,fucus,0.6446999907493591
d5,roomtemp,31,blank,0.040699999779462814
d5,roomtemp,46,nahant,0.6305999755859375
d5,roomtemp,46,blank,0.041600000113248825
d5,roomtemp,46,fucus,0.6399999856948853
d5,roomtemp,46,blank,0.041099999099969864
d5,roomtemp,16,nahant,0.3508000075817108
d5,roomtemp,16,blank,0.040800001472234726
d5,roomtemp,16,blank,0.04170000180602074
d5,roomtemp,16,blank,0.0406000018119812
d5,roomtemp,31,nahant,0.4668999910354614
d5,roomtemp,31,blank,0.04019999876618385
d5,roomtemp,31,blank,0.040800001472234726
d5,roomtemp,31,blank,0.04100000113248825
d5,roomtemp,46,nahant,0.6431000232696533
d5,roomtemp,46,blank,0.041999999433755875
d5,roomtemp,46,blank,0.041999999433755875
d5,roomtemp,46,blank,0.0406000018119812
d6,15C,16,blank,0.040800001472234726
d6,15C,16,blank,0.04170000180602074
d6,15C,16,charles,0.4902999997138977
d6,15C,16,blank,0.0414000004529953
d6,15C,31,blank,0.0406000018119812
d6,15C,31,blank,0.040800001472234726
d6,15C,31,charles,0.5108000040054321
d6,15C,31,blank,0.041099999099969864
d6,15C,46,blank,0.0406000018119812
d6,15C,46,blank,0.0421999990940094
d6,15C,46,charles,0.4636000096797943
d6,15C,46,blank,0.041999999433755875
d6,15C,16,ica,0.5278000235557556
d6,15C,16,blank,0.04100000113248825
d6,15C,16,charles,0.5640000104904175
d6,15C,16,blank,0.041600000113248825
d6,15C,31,ica,0.626800000667572
d6,15C,31,blank,0.040800001472234726
d6,15C,31,charles,0.5264000296592712
d6,15C,31,blank,0.04100000113248825
d6,15C,46,ica,0.5799999833106995
d6,15C,46,blank,0.0406000018119812
d6,15C,46,charles,0.5228000283241272
d6,15C,46,blank,0.0414000004529953
d6,15C,16,ica,0.6466000080108643
d6,15C,16,blank,0.04089999943971634
d6,15C,16,charles,0.5209000110626221
d6,15C,16,blank,0.04129999876022339
d6,15C,31,ica,0.6057000160217285
d6,15C,31,blank,0.040800001472234726
d6,15C,31,charles,0.6053000092506409
d6,15C,31,blank,0.042100001126527786
d6,15C,46,ica,0.7584999799728394
d6,15C,46,blank,0.040800001472234726
d6,15C,46,charles,0.5552999973297119
d6,15C,46,blank,0.041099999099969864
d6,15C,16,ica,0.6122000217437744
d6,15C,16,blank,0.04179999977350235
d6,15C,16,blank,0.041099999099969864
d6,15C,16,blank,0.041200000792741776
d6,15C,31,ica,0.6028000116348267
d6,15C,31,blank,0.04089999943971634
d6,15C,31,blank,0.0406000018119812
d6,15C,31,blank,0.04230000078678131
d6,15C,46,ica,0.6068999767303467
d6,15C,46,blank,0.04089999943971634
d6,15C,46,blank,0.04170000180602074
d6,15C,46,blank,0.041600000113248825
d6,15C,16,blank,0.040800001472234726
d6,15C,16,blank,0.0421999990940094
d6,15C,16,fucus,0.4950000047683716
d6,15C,16,blank,0.04100000113248825
d6,15C,31,blank,0.04179999977350235
d6,15C,31,blank,0.04170000180602074
d6,15C,31,fucus,0.5823000073432922
d6,15C,31,blank,0.04190000146627426
d6,15C,46,blank,0.04149999842047691
d6,15C,46,blank,0.04129999876022339
d6,15C,46,fucus,0.6211000084877014
d6,15C,46,blank,0.041600000113248825
d6,15C,16,nahant,0.5360999703407288
d6,15C,16,blank,0.0406000018119812
d6,15C,16,fucus,0.5238000154495239
d6,15C,16,blank,0.041099999099969864
d6,15C,31,nahant,0.5490000247955322
d6,15C,31,blank,0.040800001472234726
d6,15C,31,fucus,0.49320000410079956
d6,15C,31,blank,0.041099999099969864
d6,15C,46,nahant,0.6819000244140625
d6,15C,46,blank,0.04089999943971634
d6,15C,46,fucus,0.6394000053405762
d6,15C,46,blank,0.041099999099969864
d6,15C,16,nahant,0.45910000801086426
d6,15C,16,blank,0.0406000018119812
d6,15C,16,fucus,0.5558000206947327
d6,15C,16,blank,0.040699999779462814
d6,15C,31,nahant,0.5253999829292297
d6,15C,31,blank,0.04149999842047691
d6,15C,31,fucus,0.5200999975204468
d6,15C,31,blank,0.041600000113248825
d6,15C,46,nahant,0.6284999847412109
d6,15C,46,blank,0.04129999876022339
d6,15C,46,fucus,0.7735999822616577
d6,15C,46,blank,0.04129999876022339
d6,15C,16,nahant,0.5253000259399414
d6,15C,16,blank,0.0406000018119812
d6,15C,16,blank,0.040699999779462814
d6,15C,16,blank,0.03999999910593033
d6,15C,31,nahant,0.517799973487854
d6,15C,31,blank,0.04050000011920929
d6,15C,31,blank,0.040699999779462814
d6,15C,31,blank,0.0406000018119812
d6,15C,46,nahant,0.5108000040054321
d6,15C,46,blank,0.041600000113248825
d6,15C,46,blank,0.04149999842047691
d6,15C,46,blank,0.04089999943971634
d6,roomtemp,16,blank,0.040699999779462814
d6,roomtemp,16,blank,0.04129999876022339
d6,roomtemp,16,charles,0.7613999843597412
d6,roomtemp,16,blank,0.04170000180602074
d6,roomtemp,31,blank,0.041099999099969864
d6,roomtemp,31,blank,0.041200000792741776
d6,roomtemp,31,charles,0.9510999917984009
d6,roomtemp,31,blank,0.04089999943971634
d6,roomtemp,46,blank,0.040699999779462814
d6,roomtemp,46,blank,0.04170000180602074
d6,roomtemp,46,charles,0.7791000008583069
d6,roomtemp,46,blank,0.0414000004529953
d6,roomtemp,16,ica,0.6877999901771545
d6,roomtemp,16,blank,0.041200000792741776
d6,roomtemp,16,charles,0.532800018787384
d6,roomtemp,16,blank,0.04170000180602074
d6,roomtemp,31,ica,0.7113999724388123
d6,roomtemp,31,blank,0.0406000018119812
d6,roomtemp,31,charles,0.6376000046730042
d6,roomtemp,31,blank,0.0414000004529953
d6,roomtemp,46,ica,0.7477999925613403
d6,roomtemp,46,blank,0.040699999779462814
d6,roomtemp,46,charles,0.7329999804496765
d6,roomtemp,46,blank,0.04129999876022339
d6,roomtemp,16,ica,0.5432000160217285
d6,roomtemp,16,blank,0.041200000792741776
d6,roomtemp,16,charles,0.5504999756813049
d6,roomtemp,16,blank,0.0414000004529953
d6,roomtemp,31,ica,0.5824000239372253
d6,roomtemp,31,blank,0.041200000792741776
d6,roomtemp,31,charles,0.7936999797821045
d6,roomtemp,31,blank,0.0414000004529953
d6,roomtemp,46,ica,0.6365000009536743
d6,roomtemp,46,blank,0.041099999099969864
d6,roomtemp,46,charles,0.8029000163078308
d6,roomtemp,46,blank,0.04100000113248825
d6,roomtemp,16,ica,0.5507000088691711
d6,roomtemp,16,blank,0.041200000792741776
d6,roomtemp,16,blank,0.04190000146627426
d6,roomtemp,16,blank,0.041600000113248825
d6,roomtemp,31,ica,0.6678000092506409
d6,roomtemp,31,blank,0.04100000113248825
d6,roomtemp,31,blank,0.04149999842047691
d6,roomtemp,31,blank,0.04170000180602074
d6,roomtemp,46,ica,0.5368000268936157
d6,roomtemp,46,blank,0.041200000792741776
d6,roomtemp,46,blank,0.0414000004529953
d6,roomtemp,46,blank,0.041099999099969864
d6,roomtemp,16,blank,0.040800001472234726
d6,roomtemp,16,blank,0.0414000004529953
d6,roomtemp,16,fucus,0.6664999723434448
d6,roomtemp,16,blank,0.040800001472234726
d6,roomtemp,31,blank,0.041600000113248825
d6,roomtemp,31,blank,0.040800001472234726
d6,roomtemp,31,fucus,0.5458999872207642
d6,roomtemp,31,blank,0.042399998754262924
d6,roomtemp,46,blank,0.041600000113248825
d6,roomtemp,46,blank,0.04089999943971634
d6,roomtemp,46,fucus,0.5371000170707703
d6,roomtemp,46,blank,0.04100000113248825
d6,roomtemp,16,nahant,0.546999990940094
d6,roomtemp,16,blank,0.040699999779462814
d6,roomtemp,16,fucus,0.6825000047683716
d6,roomtemp,16,blank,0.04089999943971634
d6,roomtemp,31,nahant,0.8381999731063843
d6,roomtemp,31,blank,0.04089999943971634
d6,roomtemp,31,fucus,0.5139999985694885
d6,roomtemp,31,blank,0.0406000018119812
d6,roomtemp,46,nahant,0.4596000015735626
d6,roomtemp,46,blank,0.04100000113248825
d6,roomtemp,46,fucus,0.5498999953269958
d6,roomtemp,46,blank,0.04039999842643738
d6,roomtemp,16,nahant,0.541700005531311
d6,roomtemp,16,blank,0.0406000018119812
d6,roomtemp,16,fucus,0.5586000084877014
d6,roomtemp,16,blank,0.04010000079870224
d6,roomtemp,31,nahant,0.44359999895095825
d6,roomtemp,31,blank,0.041099999099969864
d6,roomtemp,31,fucus,0.6401000022888184
d6,roomtemp,31,blank,0.04039999842643738
d6,roomtemp,46,nahant,0.814300000667572
d6,roomtemp,46,blank,0.04149999842047691
d6,roomtemp,46,fucus,0.6937000155448914
d6,roomtemp,46,blank,0.040699999779462814
d6,roomtemp,16,nahant,0.28540000319480896
d6,roomtemp,16,blank,0.04039999842643738
d6,roomtemp,16,blank,0.041200000792741776
d6,roomtemp,16,blank,0.04039999842643738
d6,roomtemp,31,nahant,0.6363999843597412
d6,roomtemp,31,blank,0.03970000147819519
d6,roomtemp,31,blank,1.0379999876022339
d6,roomtemp,31,blank,0.0406000018119812
d6,roomtemp,46,nahant,0.8141000270843506
d6,roomtemp,46,blank,0.041099999099969864
d6,roomtemp,46,blank,0.04170000180602074
d6,roomtemp,46,blank,0.04039999842643738
d7,15C,16,blank,0.040699999779462814
d7,15C,16,blank,0.0414000004529953
d7,15C,16,charles,0.4837999939918518
d7,15C,16,blank,0.04129999876022339
d7,15C,31,blank,0.040699999779462814
d7,15C,31,blank,0.04050000011920929
d7,15C,31,charles,0.5203999876976013
d7,15C,31,blank,0.04089999943971634
d7,15C,46,blank,0.04089999943971634
d7,15C,46,blank,0.04129999876022339
d7,15C,46,charles,0.5188000202178955
d7,15C,46,blank,0.04100000113248825
d7,15C,16,ica,0.5472000241279602
d7,15C,16,blank,0.04089999943971634
d7,15C,16,charles,0.4894999861717224
d7,15C,16,blank,0.04179999977350235
d7,15C,31,ica,0.5633000135421753
d7,15C,31,blank,0.04089999943971634
d7,15C,31,charles,0.49709999561309814
d7,15C,31,blank,0.041200000792741776
d7,15C,46,ica,0.602400004863739
d7,15C,46,blank,0.040800001472234726
d7,15C,46,charles,0.49869999289512634
d7,15C,46,blank,0.04129999876022339
d7,15C,16,ica,0.5546000003814697
d7,15C,16,blank,0.041099999099969864
d7,15C,16,charles,0.5174999833106995
d7,15C,16,blank,0.041200000792741776
d7,15C,31,ica,0.5781999826431274
d7,15C,31,blank,0.04089999943971634
d7,15C,31,charles,0.5447999835014343
d7,15C,31,blank,0.0421999990940094
d7,15C,46,ica,0.7459999918937683
d7,15C,46,blank,0.041099999099969864
d7,15C,46,charles,0.5864999890327454
d7,15C,46,blank,0.04129999876022339
d7,15C,16,ica,0.6342999935150146
d7,15C,16,blank,0.04129999876022339
d7,15C,16,blank,0.041099999099969864
d7,15C,16,blank,0.041200000792741776
d7,15C,31,ica,0.6650000214576721
d7,15C,31,blank,0.04179999977350235
d7,15C,31,blank,0.041200000792741776
d7,15C,31,blank,0.04190000146627426
d7,15C,46,ica,0.54339998960495
d7,15C,46,blank,0.04149999842047691
d7,15C,46,blank,0.0414000004529953
d7,15C,46,blank,0.041200000792741776
d7,15C,16,blank,0.0414000004529953
d7,15C,16,blank,0.04129999876022339
d7,15C,16,fucus,0.5166000127792358
d7,15C,16,blank,0.04179999977350235
d7,15C,31,blank,0.042100001126527786
d7,15C,31,blank,0.0414000004529953
d7,15C,31,fucus,0.579200029373169
d7,15C,31,blank,0.04230000078678131
d7,15C,46,blank,0.04149999842047691
d7,15C,46,blank,0.04100000113248825
d7,15C,46,fucus,0.6119999885559082
d7,15C,46,blank,0.041099999099969864
d7,15C,16,nahant,0.5390999913215637
d7,15C,16,blank,0.04089999943971634
d7,15C,16,fucus,0.5480999946594238
d7,15C,16,blank,0.042899999767541885
d7,15C,31,nahant,0.5307999849319458
d7,15C,31,blank,0.041099999099969864
d7,15C,31,fucus,0.49239999055862427
d7,15C,31,blank,0.04129999876022339
d7,15C,46,nahant,0.6739000082015991
d7,15C,46,blank,0.04129999876022339
d7,15C,46,fucus,0.6111000180244446
d7,15C,46,blank,0.04089999943971634
d7,15C,16,nahant,0.46470001339912415
d7,15C,16,blank,0.04089999943971634
d7,15C,16,fucus,0.5734999775886536
d7,15C,16,blank,0.040800001472234726
d7,15C,31,nahant,0.5410000085830688
d7,15C,31,blank,0.0414000004529953
d7,15C,31,fucus,0.5544000267982483
d7,15C,31,blank,0.04190000146627426
d7,15C,46,nahant,0.6402000188827515
d7,15C,46,blank,0.04149999842047691
d7,15C,46,fucus,0.7687000036239624
d7,15C,46,blank,0.0414000004529953
d7,15C,16,nahant,0.5177000164985657
d7,15C,16,blank,0.04129999876022339
d7,15C,16,blank,0.04170000180602074
d7,15C,16,blank,0.04270000010728836
d7,15C,31,nahant,0.6488000154495239
d7,15C,31,blank,0.040800001472234726
d7,15C,31,blank,0.04089999943971634
d7,15C,31,blank,0.04190000146627426
d7,15C,46,nahant,0.5486999750137329
d7,15C,46,blank,0.041600000113248825
d7,15C,46,blank,0.042899999767541885
d7,15C,46,blank,0.041099999099969864
d7,roomtemp,16,blank,0.0406000018119812
d7,roomtemp,16,blank,0.041200000792741776
d7,roomtemp,16,charles,0.7275000214576721
d7,roomtemp,16,blank,0.041600000113248825
d7,roomtemp,31,blank,0.0421999990940094
d7,roomtemp,31,blank,0.04100000113248825
d7,roomtemp,31,charles,1.0063999891281128
d7,roomtemp,31,blank,0.0406000018119812
d7,roomtemp,46,blank,0.04089999943971634
d7,roomtemp,46,blank,0.041600000113248825
d7,roomtemp,46,charles,0.8835999965667725
d7,roomtemp,46,blank,0.0414000004529953
d7,roomtemp,16,ica,0.5932999849319458
d7,roomtemp,16,blank,0.041099999099969864
d7,roomtemp,16,charles,0.5105000138282776
d7,roomtemp,16,blank,0.041600000113248825
d7,roomtemp,31,ica,0.5737000107765198
d7,roomtemp,31,blank,0.040800001472234726
d7,roomtemp,31,charles,0.5620999932289124
d7,roomtemp,31,blank,0.041099999099969864
d7,roomtemp,46,ica,0.5547999739646912
d7,roomtemp,46,blank,0.04050000011920929
d7,roomtemp,46,charles,0.7739999890327454
d7,roomtemp,46,blank,0.041200000792741776
d7,roomtemp,16,ica,0.501800000667572
d7,roomtemp,16,blank,0.0414000004529953
d7,roomtemp,16,charles,0.5861999988555908
d7,roomtemp,16,blank,0.04100000113248825
d7,roomtemp,31,ica,0.5533999800682068
d7,roomtemp,31,blank,0.041200000792741776
d7,roomtemp,31,charles,0.6237000226974487
d7,roomtemp,31,blank,0.041999999433755875
d7,roomtemp,46,ica,0.6096000075340271
d7,roomtemp,46,blank,0.041200000792741776
d7,roomtemp,46,charles,0.5796999931335449
d7,roomtemp,46,blank,0.041099999099969864
d7,roomtemp,16,ica,0.48350000381469727
d7,roomtemp,16,blank,0.041200000792741776
d7,roomtemp,16,blank,0.041099999099969864
d7,roomtemp,16,blank,0.042399998754262924
d7,roomtemp,31,ica,0.5453000068664551
d7,roomtemp,31,blank,0.04129999876022339
d7,roomtemp,31,blank,0.04170000180602074
d7,roomtemp,31,blank,0.04149999842047691
d7,roomtemp,46,ica,0.5030999779701233
d7,roomtemp,46,blank,0.04089999943971634
d7,roomtemp,46,blank,0.041200000792741776
d7,roomtemp,46,blank,0.041099999099969864
d7,roomtemp,16,blank,0.040699999779462814
d7,roomtemp,16,blank,0.041200000792741776
d7,roomtemp,16,fucus,0.5274999737739563
d7,roomtemp,16,blank,0.04100000113248825
d7,roomtemp,31,blank,0.04170000180602074
d7,roomtemp,31,blank,0.04129999876022339
d7,roomtemp,31,fucus,0.5274999737739563
d7,roomtemp,31,blank,0.04230000078678131
d7,roomtemp,46,blank,0.0414000004529953
d7,roomtemp,46,blank,0.041200000792741776
d7,roomtemp,46,fucus,0.5727999806404114
d7,roomtemp,46,blank,0.041200000792741776
d7,roomtemp,16,nahant,0.4699999988079071
d7,roomtemp,16,blank,0.041200000792741776
d7,roomtemp,16,fucus,0.6273999810218811
d7,roomtemp,16,blank,0.041200000792741776
d7,roomtemp,31,nahant,0.6765999794006348
d7,roomtemp,31,blank,0.04129999876022339
d7,roomtemp,31,fucus,0.508899986743927
d7,roomtemp,31,blank,0.040800001472234726
d7,roomtemp,46,nahant,0.48989999294281006
d7,roomtemp,46,blank,0.041600000113248825
d7,roomtemp,46,fucus,0.567300021648407
d7,roomtemp,46,blank,0.040800001472234726
d7,roomtemp,16,nahant,0.2985999882221222
d7,roomtemp,16,blank,0.04100000113248825
d7,roomtemp,16,fucus,0.5424000024795532
d7,roomtemp,16,blank,0.04100000113248825
d7,roomtemp,31,nahant,0.45410001277923584
d7,roomtemp,31,blank,0.0414000004529953
d7,roomtemp,31,fucus,0.4415000081062317
d7,roomtemp,31,blank,0.0414000004529953
d7,roomtemp,46,nahant,0.5809000134468079
d7,roomtemp,46,blank,0.04190000146627426
d7,roomtemp,46,fucus,0.6202999949455261
d7,roomtemp,46,blank,0.04100000113248825
d7,roomtemp,16,nahant,0.2948000133037567
d7,roomtemp,16,blank,0.04149999842047691
d7,roomtemp,16,blank,0.041600000113248825
d7,roomtemp,16,blank,0.04089999943971634
d7,roomtemp,31,nahant,0.5805000066757202
d7,roomtemp,31,blank,0.041200000792741776
d7,roomtemp,31,blank,0.6650999784469604
d7,roomtemp,31,blank,0.04100000113248825
d7,roomtemp,46,nahant,0.6294000148773193
d7,roomtemp,46,blank,0.04149999842047691
d7,roomtemp,46,blank,0.041600000113248825
d7,roomtemp,46,blank,0.041099999099969864
d8,15C,16,blank,0.040800001472234726
d8,15C,16,blank,0.042500000447034836
d8,15C,16,charles,0.5435000061988831
d8,15C,16,blank,0.04170000180602074
d8,15C,31,blank,0.041099999099969864
d8,15C,31,blank,0.04089999943971634
d8,15C,31,charles,0.6351000070571899
d8,15C,31,blank,0.040800001472234726
d8,15C,46,blank,0.04089999943971634
d8,15C,46,blank,0.04179999977350235
d8,15C,46,charles,0.5426999926567078
d8,15C,46,blank,0.04129999876022339
d8,15C,16,ica,0.6251999735832214
d8,15C,16,blank,0.041200000792741776
d8,15C,16,charles,0.5275999903678894
d8,15C,16,blank,0.04179999977350235
d8,15C,31,ica,0.5600000023841858
d8,15C,31,blank,0.040800001472234726
d8,15C,31,charles,0.5303000211715698
d8,15C,31,blank,0.041200000792741776
d8,15C,46,ica,0.5454000234603882
d8,15C,46,blank,0.04129999876022339
d8,15C,46,charles,0.5396000146865845
d8,15C,46,blank,0.041200000792741776
d8,15C,16,ica,0.5622000098228455
d8,15C,16,blank,0.0414000004529953
d8,15C,16,charles,0.5479999780654907
d8,15C,16,blank,0.04100000113248825
d8,15C,31,ica,0.7735999822616577
d8,15C,31,blank,0.041200000792741776
d8,15C,31,charles,0.5669000148773193
d8,15C,31,blank,0.04170000180602074
d8,15C,46,ica,0.8076000213623047
d8,15C,46,blank,0.041200000792741776
d8,15C,46,charles,0.6019999980926514
d8,15C,46,blank,0.041099999099969864
d8,15C,16,ica,0.7016000151634216
d8,15C,16,blank,0.041200000792741776
d8,15C,16,blank,0.041099999099969864
d8,15C,16,blank,0.0414000004529953
d8,15C,31,ica,0.7060999870300293
d8,15C,31,blank,0.0414000004529953
d8,15C,31,blank,0.040800001472234726
d8,15C,31,blank,0.0414000004529953
d8,15C,46,ica,0.5891000032424927
d8,15C,46,blank,0.04100000113248825
d8,15C,46,blank,0.041200000792741776
d8,15C,46,blank,0.04100000113248825
d8,15C,16,blank,0.040699999779462814
d8,15C,16,blank,0.041200000792741776
d8,15C,16,fucus,0.589900016784668
d8,15C,16,blank,0.041099999099969864
d8,15C,31,blank,0.04149999842047691
d8,15C,31,blank,0.0414000004529953
d8,15C,31,fucus,0.5831000208854675
d8,15C,31,blank,0.04179999977350235
d8,15C,46,blank,0.0421999990940094
d8,15C,46,blank,0.041099999099969864
d8,15C,46,fucus,0.621399998664856
d8,15C,46,blank,0.04089999943971634
d8,15C,16,nahant,0.5870000123977661
d8,15C,16,blank,0.04100000113248825
d8,15C,16,fucus,0.6110000014305115
d8,15C,16,blank,0.04129999876022339
d8,15C,31,nahant,0.5490000247955322
d8,15C,31,blank,0.041099999099969864
d8,15C,31,fucus,0.4950999915599823
d8,15C,31,blank,0.04089999943971634
d8,15C,46,nahant,0.6872000098228455
d8,15C,46,blank,0.04149999842047691
d8,15C,46,fucus,0.6207000017166138
d8,15C,46,blank,0.040800001472234726
d8,15C,16,nahant,0.5516999959945679
d8,15C,16,blank,0.04089999943971634
d8,15C,16,fucus,0.5856999754905701
d8,15C,16,blank,0.04089999943971634
d8,15C,31,nahant,0.6697999835014343
d8,15C,31,blank,0.041200000792741776
d8,15C,31,fucus,0.65829998254776
d8,15C,31,blank,0.04089999943971634
d8,15C,46,nahant,0.6039999723434448
d8,15C,46,blank,0.041600000113248825
d8,15C,46,fucus,0.8611999750137329
d8,15C,46,blank,0.04100000113248825
d8,15C,16,nahant,0.6304000020027161
d8,15C,16,blank,0.0414000004529953
d8,15C,16,blank,0.04149999842047691
d8,15C,16,blank,0.040800001472234726
d8,15C,31,nahant,0.5992000102996826
d8,15C,31,blank,0.04050000011920929
d8,15C,31,blank,0.04170000180602074
d8,15C,31,blank,0.04100000113248825
d8,15C,46,nahant,0.5496000051498413
d8,15C,46,blank,0.04129999876022339
d8,15C,46,blank,0.041600000113248825
d8,15C,46,blank,0.04129999876022339
d8,roomtemp,16,blank,0.040800001472234726
d8,roomtemp,16,blank,0.041200000792741776
d8,roomtemp,16,charles,0.7840999960899353
d8,roomtemp,16,blank,0.04179999977350235
d8,roomtemp,31,blank,0.04149999842047691
d8,roomtemp,31,blank,0.04089999943971634
d8,roomtemp,31,charles,0.9873999953269958
d8,roomtemp,31,blank,0.041200000792741776
d8,roomtemp,46,blank,0.04190000146627426
d8,roomtemp,46,blank,0.0421999990940094
d8,roomtemp,46,charles,0.8855999708175659
d8,roomtemp,46,blank,0.041099999099969864
d8,roomtemp,16,ica,0.5748999714851379
d8,roomtemp,16,blank,0.0414000004529953
d8,roomtemp,16,charles,0.527400016784668
d8,roomtemp,16,blank,0.041099999099969864
d8,roomtemp,31,ica,0.6123999953269958
d8,roomtemp,31,blank,0.04230000078678131
d8,roomtemp,31,charles,0.5996999740600586
d8,roomtemp,31,blank,0.04129999876022339
d8,roomtemp,46,ica,0.6017000079154968
d8,roomtemp,46,blank,0.041099999099969864
d8,roomtemp,46,charles,0.7128999829292297
d8,roomtemp,46,blank,0.041200000792741776
d8,roomtemp,16,ica,0.498199999332428
d8,roomtemp,16,blank,0.04129999876022339
d8,roomtemp,16,charles,0.6317999958992004
d8,roomtemp,16,blank,0.041600000113248825
d8,roomtemp,31,ica,0.5246999859809875
d8,roomtemp,31,blank,0.0414000004529953
d8,roomtemp,31,charles,0.6442999839782715
d8,roomtemp,31,blank,0.04170000180602074
d8,roomtemp,46,ica,0.6182000041007996
d8,roomtemp,46,blank,0.042399998754262924
d8,roomtemp,46,charles,0.5702999830245972
d8,roomtemp,46,blank,0.046300001442432404
d8,roomtemp,16,ica,0.5192000269889832
d8,roomtemp,16,blank,0.04129999876022339
d8,roomtemp,16,blank,0.04100000113248825
d8,roomtemp,16,blank,0.04129999876022339
d8,roomtemp,31,ica,0.5266000032424927
d8,roomtemp,31,blank,0.041600000113248825
d8,roomtemp,31,blank,0.04089999943971634
d8,roomtemp,31,blank,0.041200000792741776
d8,roomtemp,46,ica,0.5523999929428101
d8,roomtemp,46,blank,0.04100000113248825
d8,roomtemp,46,blank,0.04280000180006027
d8,roomtemp,46,blank,0.04129999876022339
d8,roomtemp,16,blank,0.04089999943971634
d8,roomtemp,16,blank,0.04129999876022339
d8,roomtemp,16,fucus,0.4754999876022339
d8,roomtemp,16,blank,0.04129999876022339
d8,roomtemp,31,blank,0.04190000146627426
d8,roomtemp,31,blank,0.040699999779462814
d8,roomtemp,31,fucus,0.5625
d8,roomtemp,31,blank,0.041600000113248825
d8,roomtemp,46,blank,0.04149999842047691
d8,roomtemp,46,blank,0.04089999943971634
d8,roomtemp,46,fucus,0.5758000016212463
d8,roomtemp,46,blank,0.041200000792741776
d8,roomtemp,16,nahant,0.5724999904632568
d8,roomtemp,16,blank,0.04089999943971634
d8,roomtemp,16,fucus,0.6079999804496765
d8,roomtemp,16,blank,0.04089999943971634
d8,roomtemp,31,nahant,0.7843999862670898
d8,roomtemp,31,blank,0.040699999779462814
d8,roomtemp,31,fucus,0.5110999941825867
d8,roomtemp,31,blank,0.04089999943971634
d8,roomtemp,46,nahant,0.49970000982284546
d8,roomtemp,46,blank,0.04100000113248825
d8,roomtemp,46,fucus,0.5605999827384949
d8,roomtemp,46,blank,0.04100000113248825
d8,roomtemp,16,nahant,0.5526000261306763
d8,roomtemp,16,blank,0.041099999099969864
d8,roomtemp,16,fucus,0.524399995803833
d8,roomtemp,16,blank,0.041200000792741776
d8,roomtemp,31,nahant,0.5034000277519226
d8,roomtemp,31,blank,0.04129999876022339
d8,roomtemp,31,fucus,0.46720001101493835
d8,roomtemp,31,blank,0.04089999943971634
d8,roomtemp,46,nahant,0.5791000127792358
d8,roomtemp,46,blank,0.0414000004529953
d8,roomtemp,46,fucus,0.6015999913215637
d8,roomtemp,46,blank,0.042899999767541885
d8,roomtemp,16,nahant,0.2671999931335449
d8,roomtemp,16,blank,0.04089999943971634
d8,roomtemp,16,blank,0.04100000113248825
d8,roomtemp,16,blank,0.04050000011920929
d8,roomtemp,31,nahant,0.6202999949455261
d8,roomtemp,31,blank,0.04039999842643738
d8,roomtemp,31,blank,0.5235999822616577
d8,roomtemp,31,blank,0.04100000113248825
d8,roomtemp,46,nahant,0.8567000031471252
d8,roomtemp,46,blank,0.04129999876022339
d8,roomtemp,46,blank,0.04129999876022339
d8,roomtemp,46,blank,0.04089999943971634
