day_ID,salinity,salt,competition,pair,strain1,strain2,mean_CFU_1,mean_CFU_2,mean_ratio_fast
D0,16,16,100,2,2,2,135555555.55555555,0,1
D0,16,16,100,25,25,25,574444444.4444444,0,1
D0,16,16,100,32,32,32,103333333.33333333,0,1
D0,16,16,100,39,39,39,111111111.11111112,0,1
D0,16,16,100,40,40,40,130000000,0,1
D0,16,16,100,8,8,8,72222222.22222222,0,1
D0,16,16,100,II.F2,II.F2,II.F2,102222222.22222222,0,1
D0,16,16,5-95,2-25,2,25,62222222.222222224,463333333.3333333,0.13652004358547914
D0,16,16,5-95,2-32,2,32,14444444.444444444,201111111.1111111,0.9337339310586283
D0,16,16,5-95,2-II.F2,2,II.F2,16666666.666666666,185555555.55555555,0.0836940836940837
D0,16,16,5-95,40-2,40,2,3333333.333333333,238888888.8888889,0.9859154929577465
D0,16,16,5-95,40-39,40,39,15555555.555555556,128888888.88888888,0.11573535870211062
D0,16,16,5-95,40-8,40,8,5555555.555555556,103333333.33333333,0.9458333333333333
D0,16,16,5-95,40-II.F2,40,II.F2,3333333.3333333335,226666666.66666666,0.013007252892165679
D0,16,16,5-95,6-25,6,25,3333333.3333333335,533333333.3333333,0.006387403446226976
D0,16,16,50-50,2-25,2,25,107777777.77777778,28888888.888888888,0.7772279172067083
D0,16,16,50-50,2-32,2,32,66666666.666666664,56666666.66666667,0.4565548780487805
D0,16,16,50-50,2-II.F2,2,II.F2,95555555.55555555,37777777.777777776,0.7200182398540811
D0,16,16,50-50,40-2,40,2,25555555.555555556,61111111.11111111,0.7100296005843232
D0,16,16,50-50,40-39,40,39,56666666.666666664,35555555.55555555,0.6314363143631436
D0,16,16,50-50,40-8,40,8,34444444.44444445,36666666.666666664,0.5145962732919255
D0,16,16,50-50,40-II.F2,40,II.F2,73333333.33333333,54444444.44444444,0.5594362745098039
D0,16,16,50-50,6-25,6,25,35555555.55555555,105555555.55555555,0.23982008574038935
D0,16,16,95-5,2-25,2,25,267777777.77777776,1111111.111111111,0.9958847736625515
D0,16,16,95-5,2-32,2,32,270000000,11111111.11111111,0.039377289377289376
D0,16,16,95-5,2-II.F2,2,II.F2,238888888.8888889,4444444.444444445,0.9817488262910798
D0,16,16,95-5,40-2,40,2,204444444.44444445,18888888.888888888,0.07757046938333488
D0,16,16,95-5,40-39,40,39,210000000,4444444.444444445,0.9803921568627451
D0,16,16,95-5,40-8,40,8,190000000,10000000,0.04937839937839938
D0,16,16,95-5,40-II.F2,40,II.F2,173333333.33333334,20000000,0.89812426126728
D0,16,16,95-5,6-25,6,25,231111111.1111111,6666666.666666667,0.971830985915493
D0,31,31,100,2,2,2,135555555.55555555,0,1
D0,31,31,100,25,25,25,574444444.4444444,0,1
D0,31,31,100,32,32,32,103333333.33333333,0,1
D0,31,31,100,39,39,39,111111111.11111112,0,1
D0,31,31,100,40,40,40,130000000,0,1
D0,31,31,100,8,8,8,72222222.22222222,0,1
D0,31,31,100,II.F2,II.F2,II.F2,102222222.22222222,0,1
D0,31,31,5-95,2-25,2,25,62222222.222222224,463333333.3333333,0.13652004358547914
D0,31,31,5-95,2-32,2,32,14444444.444444444,201111111.1111111,0.9337339310586283
D0,31,31,5-95,2-II.F2,2,II.F2,16666666.666666666,185555555.55555555,0.0836940836940837
D0,31,31,5-95,40-2,40,2,3333333.333333333,238888888.8888889,0.9859154929577465
D0,31,31,5-95,40-39,40,39,15555555.555555556,128888888.88888888,0.11573535870211062
D0,31,31,5-95,40-8,40,8,5555555.555555556,103333333.33333333,0.9458333333333333
D0,31,31,5-95,40-II.F2,40,II.F2,3333333.3333333335,226666666.66666666,0.013007252892165679
D0,31,31,5-95,6-25,6,25,3333333.3333333335,533333333.3333333,0.006387403446226976
D0,31,31,50-50,2-25,2,25,107777777.77777778,28888888.888888888,0.7772279172067083
D0,31,31,50-50,2-32,2,32,66666666.666666664,56666666.66666667,0.4565548780487805
D0,31,31,50-50,2-II.F2,2,II.F2,95555555.55555555,37777777.777777776,0.7200182398540811
D0,31,31,50-50,40-2,40,2,25555555.555555556,61111111.11111111,0.7100296005843232
D0,31,31,50-50,40-39,40,39,56666666.666666664,35555555.55555555,0.6314363143631436
D0,31,31,50-50,40-8,40,8,34444444.44444445,36666666.666666664,0.5145962732919255
D0,31,31,50-50,40-II.F2,40,II.F2,73333333.33333333,54444444.44444444,0.5594362745098039
D0,31,31,50-50,6-25,6,25,35555555.55555555,105555555.55555555,0.23982008574038935
D0,31,31,95-5,2-25,2,25,267777777.77777776,1111111.111111111,0.9958847736625515
D0,31,31,95-5,2-32,2,32,270000000,11111111.11111111,0.039377289377289376
D0,31,31,95-5,2-II.F2,2,II.F2,238888888.8888889,4444444.444444445,0.9817488262910798
D0,31,31,95-5,40-2,40,2,204444444.44444445,18888888.888888888,0.07757046938333488
D0,31,31,95-5,40-39,40,39,210000000,4444444.444444445,0.9803921568627451
D0,31,31,95-5,40-8,40,8,190000000,10000000,0.04937839937839938
D0,31,31,95-5,40-II.F2,40,II.F2,173333333.33333334,20000000,0.89812426126728
D0,31,31,95-5,6-25,6,25,231111111.1111111,6666666.666666667,0.971830985915493
D0,46,46,100,2,2,2,135555555.55555555,0,1
D0,46,46,100,25,25,25,574444444.4444444,0,1
D0,46,46,100,32,32,32,103333333.33333333,0,1
D0,46,46,100,39,39,39,111111111.11111112,0,1
D0,46,46,100,40,40,40,130000000,0,1
D0,46,46,100,8,8,8,72222222.22222222,0,1
D0,46,46,100,II.F2,II.F2,II.F2,102222222.22222222,0,1
D0,46,46,5-95,2-25,2,25,62222222.222222224,463333333.3333333,0.13652004358547914
D0,46,46,5-95,2-32,2,32,14444444.444444444,201111111.1111111,0.9337339310586283
D0,46,46,5-95,2-II.F2,2,II.F2,16666666.666666666,185555555.55555555,0.0836940836940837
D0,46,46,5-95,40-2,40,2,3333333.333333333,238888888.8888889,0.9859154929577465
D0,46,46,5-95,40-39,40,39,15555555.555555556,128888888.88888888,0.11573535870211062
D0,46,46,5-95,40-8,40,8,5555555.555555556,103333333.33333333,0.9458333333333333
D0,46,46,5-95,40-II.F2,40,II.F2,3333333.3333333335,226666666.66666666,0.013007252892165679
D0,46,46,5-95,6-25,6,25,3333333.3333333335,533333333.3333333,0.006387403446226976
D0,46,46,50-50,2-25,2,25,107777777.77777778,28888888.888888888,0.7772279172067083
D0,46,46,50-50,2-32,2,32,66666666.666666664,56666666.66666667,0.4565548780487805
D0,46,46,50-50,2-II.F2,2,II.F2,95555555.55555555,37777777.777777776,0.7200182398540811
D0,46,46,50-50,40-2,40,2,25555555.555555556,61111111.11111111,0.7100296005843232
D0,46,46,50-50,40-39,40,39,56666666.666666664,35555555.55555555,0.6314363143631436
D0,46,46,50-50,40-8,40,8,34444444.44444445,36666666.666666664,0.5145962732919255
D0,46,46,50-50,40-II.F2,40,II.F2,73333333.33333333,54444444.44444444,0.5594362745098039
D0,46,46,50-50,6-25,6,25,35555555.55555555,105555555.55555555,0.23982008574038935
D0,46,46,95-5,2-25,2,25,267777777.77777776,1111111.111111111,0.9958847736625515
D0,46,46,95-5,2-32,2,32,270000000,11111111.11111111,0.039377289377289376
D0,46,46,95-5,2-II.F2,2,II.F2,238888888.8888889,4444444.444444445,0.9817488262910798
D0,46,46,95-5,40-2,40,2,204444444.44444445,18888888.888888888,0.07757046938333488
D0,46,46,95-5,40-39,40,39,210000000,4444444.444444445,0.9803921568627451
D0,46,46,95-5,40-8,40,8,190000000,10000000,0.04937839937839938
D0,46,46,95-5,40-II.F2,40,II.F2,173333333.33333334,20000000,0.89812426126728
D0,46,46,95-5,6-25,6,25,231111111.1111111,6666666.666666667,0.971830985915493
D0,61,61,100,2,2,2,135555555.55555555,0,1
D0,61,61,100,25,25,25,574444444.4444444,0,1
D0,61,61,100,32,32,32,103333333.33333333,0,1
D0,61,61,100,39,39,39,111111111.11111112,0,1
D0,61,61,100,40,40,40,130000000,0,1
D0,61,61,100,8,8,8,72222222.22222222,0,1
D0,61,61,100,II.F2,II.F2,II.F2,102222222.22222222,0,1
D0,61,61,5-95,2-25,2,25,62222222.222222224,463333333.3333333,0.13652004358547914
D0,61,61,5-95,2-32,2,32,14444444.444444444,201111111.1111111,0.9337339310586283
D0,61,61,5-95,2-II.F2,2,II.F2,16666666.666666666,185555555.55555555,0.0836940836940837
D0,61,61,5-95,40-2,40,2,3333333.333333333,238888888.8888889,0.9859154929577465
D0,61,61,5-95,40-39,40,39,15555555.555555556,128888888.88888888,0.11573535870211062
D0,61,61,5-95,40-8,40,8,5555555.555555556,103333333.33333333,0.9458333333333333
D0,61,61,5-95,40-II.F2,40,II.F2,3333333.3333333335,226666666.66666666,0.013007252892165679
D0,61,61,5-95,6-25,6,25,3333333.3333333335,533333333.3333333,0.006387403446226976
D0,61,61,50-50,2-25,2,25,107777777.77777778,28888888.888888888,0.7772279172067083
D0,61,61,50-50,2-32,2,32,66666666.666666664,56666666.66666667,0.4565548780487805
D0,61,61,50-50,2-II.F2,2,II.F2,95555555.55555555,37777777.777777776,0.7200182398540811
D0,61,61,50-50,40-2,40,2,25555555.555555556,61111111.11111111,0.7100296005843232
D0,61,61,50-50,40-39,40,39,56666666.666666664,35555555.55555555,0.6314363143631436
D0,61,61,50-50,40-8,40,8,34444444.44444445,36666666.666666664,0.5145962732919255
D0,61,61,50-50,40-II.F2,40,II.F2,73333333.33333333,54444444.44444444,0.5594362745098039
D0,61,61,50-50,6-25,6,25,35555555.55555555,105555555.55555555,0.23982008574038935
D0,61,61,95-5,2-25,2,25,267777777.77777776,1111111.111111111,0.9958847736625515
D0,61,61,95-5,2-32,2,32,270000000,11111111.11111111,0.039377289377289376
D0,61,61,95-5,2-II.F2,2,II.F2,238888888.8888889,4444444.444444445,0.9817488262910798
D0,61,61,95-5,40-2,40,2,204444444.44444445,18888888.888888888,0.07757046938333488
D0,61,61,95-5,40-39,40,39,210000000,4444444.444444445,0.9803921568627451
D0,61,61,95-5,40-8,40,8,190000000,10000000,0.04937839937839938
D0,61,61,95-5,40-II.F2,40,II.F2,173333333.33333334,20000000,0.89812426126728
D0,61,61,95-5,6-25,6,25,231111111.1111111,6666666.666666667,0.971830985915493
D1,16,16,100,2,2,2,2600000000,0,1
D1,16,16,100,25,25,25,8733333333.333334,0,1
D1,16,16,100,32,32,32,2300000000,0,1
D1,16,16,100,39,39,39,3966666666.6666665,0,1
D1,16,16,100,40,40,40,5600000000,0,1
D1,16,16,100,8,8,8,1100000000,0,1
D1,16,16,100,II.F2,II.F2,II.F2,2833333333.3333335,0,1
D1,16,16,5-95,2-25,2,25,8000000000,9000000000,0.4123993558776167
D1,16,16,5-95,2-32,2,32,0,5633333333.333333,1
D1,16,16,5-95,2-II.F2,2,II.F2,866666666.6666666,2600000000,0.26021533161068044
D1,16,16,5-95,40-2,40,2,3733333333.3333335,0,0
D1,16,16,5-95,40-39,40,39,1166666666.6666665,233333333.3333333,0.8333333333333334
D1,16,16,5-95,40-8,40,8,766666666.6666666,933333333.3333334,0.5883940620782726
D1,16,16,5-95,40-II.F2,40,II.F2,0,0,NA
D1,16,16,5-95,6-25,6,25,45000000000,3000000000,0.8916543072549746
D1,16,16,50-50,2-25,2,25,3666666666.6666665,11000000000,0.2681318681318681
D1,16,16,50-50,2-32,2,32,0,4466666666.666667,1
D1,16,16,50-50,2-II.F2,2,II.F2,1466666666.6666667,500000000,0.7623931623931625
D1,16,16,50-50,40-2,40,2,5200000000,0,0
D1,16,16,50-50,40-39,40,39,0,0,NA
D1,16,16,50-50,40-8,40,8,2800000000,933333333.3333334,0.2753387533875339
D1,16,16,50-50,40-II.F2,40,II.F2,0,0,NA
D1,16,16,50-50,6-25,6,25,42333333333.333336,1666666666.6666667,0.9514652014652015
D1,16,16,95-5,2-25,2,25,0,0,NA
D1,16,16,95-5,2-32,2,32,133333333.33333333,1100000000,0.9259259259259259
D1,16,16,95-5,2-II.F2,2,II.F2,1166666666.6666667,433333333.3333333,0.6349206349206349
D1,16,16,95-5,40-2,40,2,3433333333.3333335,0,0
D1,16,16,95-5,40-39,40,39,4800000000,566666666.6666666,0.8805500947523157
D1,16,16,95-5,40-8,40,8,3400000000,266666666.66666666,0.0688449848024316
D1,16,16,95-5,40-II.F2,40,II.F2,2066666666.6666665,0,1
D1,16,16,95-5,6-25,6,25,0,0,NA
D1,31,31,100,2,2,2,2033333333.3333333,0,1
D1,31,31,100,25,25,25,8266666666.666667,0,1
D1,31,31,100,32,32,32,2300000000,0,1
D1,31,31,100,39,39,39,2300000000,0,1
D1,31,31,100,40,40,40,7466666666.666667,0,1
D1,31,31,100,8,8,8,1433333333.3333333,0,1
D1,31,31,100,II.F2,II.F2,II.F2,2633333333.3333335,0,1
D1,31,31,5-95,2-32,2,32,0,2800000000,1
D1,31,31,5-95,2-II.F2,2,II.F2,1866666666.6666667,1066666666.6666666,0.6278140885984024
D1,31,31,5-95,40-2,40,2,500000000,2700000000,0.8501543501543501
D1,31,31,5-95,40-39,40,39,4266666666.6666665,266666666.66666666,0.9337301587301587
D1,31,31,5-95,40-8,40,8,266666666.6666667,1333333333.3333333,0.8412698412698413
D1,31,31,5-95,40-II.F2,40,II.F2,3600000000,2133333333.3333333,0.630606575652905
D1,31,31,50-50,2-32,2,32,0,1833333333.3333333,1
D1,31,31,50-50,2-II.F2,2,II.F2,1833333333.3333333,133333333.33333333,0.9301670551670552
D1,31,31,50-50,40-2,40,2,2166666666.6666665,1133333333.3333333,0.3381413868229284
D1,31,31,50-50,40-39,40,39,5666666666.666667,133333333.33333333,0.976673514809108
D1,31,31,50-50,40-8,40,8,3266666666.6666665,533333333.3333333,0.1452991452991453
D1,31,31,50-50,40-II.F2,40,II.F2,5800000000,433333333.3333333,0.93152741433151
D1,31,31,95-5,2-32,2,32,900000000,333333333.3333333,0.2868686868686869
D1,31,31,95-5,2-II.F2,2,II.F2,2466666666.6666665,33333333.333333336,0.9833333333333333
D1,31,31,95-5,40-2,40,2,4633333333.333333,66666666.666666664,0.01466795615731786
D1,31,31,95-5,40-39,40,39,3300000000,533333333.3333333,0.821125220755193
D1,31,31,95-5,40-8,40,8,4600000000,466666666.6666667,0.09049382716049383
D1,31,31,95-5,40-II.F2,40,II.F2,6766666666.666667,166666666.66666666,0.9746764340811256
D1,46,46,100,2,2,2,1200000000,0,1
D1,46,46,100,25,25,25,9166666666.666666,0,1
D1,46,46,100,32,32,32,2500000000,0,1
D1,46,46,100,39,39,39,633333333.3333334,0,1
D1,46,46,100,40,40,40,5600000000,0,1
D1,46,46,100,8,8,8,700000000,0,1
D1,46,46,100,II.F2,II.F2,II.F2,2600000000,0,1
D1,46,46,5-95,2-25,2,25,0,0,NA
D1,46,46,5-95,2-32,2,32,0,2300000000,1
D1,46,46,5-95,2-II.F2,2,II.F2,1633333333.3333333,1433333333.3333333,0.5373074687590816
D1,46,46,5-95,40-2,40,2,33333333.333333336,2100000000,0.9814814814814815
D1,46,46,5-95,40-39,40,39,200000000,233333333.33333334,0.48333333333333334
D1,46,46,5-95,40-8,40,8,100000000,633333333.3333334,0.8714285714285714
D1,46,46,5-95,40-II.F2,40,II.F2,2433333333.3333335,1500000000,0.6096124305801726
D1,46,46,5-95,6-25,6,25,0,0,NA
D1,46,46,50-50,2-25,2,25,0,0,NA
D1,46,46,50-50,2-32,2,32,66666666.666666664,1900000000,0.953968253968254
D1,46,46,50-50,2-II.F2,2,II.F2,1933333333.3333333,66666666.666666664,0.9652406417112299
D1,46,46,50-50,40-2,40,2,1533333333.3333333,1066666666.6666666,0.41265141839854486
D1,46,46,50-50,40-39,40,39,966666666.6666666,666666666.6666666,0.5633528265107213
D1,46,46,50-50,40-8,40,8,1400000000,500000000,0.3248456790123457
D1,46,46,50-50,40-II.F2,40,II.F2,5766666666.666667,1100000000,0.8384330950962875
D1,46,46,50-50,6-25,6,25,0,0,NA
D1,46,46,95-5,2-25,2,25,10000000000,3666666666.6666665,0.6192696192696192
D1,46,46,95-5,2-32,2,32,800000000,133333333.33333333,0.14285714285714285
D1,46,46,95-5,2-II.F2,2,II.F2,1266666666.6666667,0,1
D1,46,46,95-5,40-2,40,2,4033333333.3333335,466666666.6666667,0.10678733031674208
D1,46,46,95-5,40-39,40,39,5000000000,0,1
D1,46,46,95-5,40-8,40,8,3966666666.6666665,300000000,0.0697364030697364
D1,46,46,95-5,40-II.F2,40,II.F2,4766666666.666667,933333333.3333334,0.8348889465041915
D1,46,46,95-5,6-25,6,25,10000000000,3666666666.6666665,0.72375
D1,61,61,100,2,2,2,2133333333.3333333,0,1
D1,61,61,100,25,25,25,6633333333.333333,0,1
D1,61,61,100,32,32,32,1900000000,0,1
D1,61,61,100,39,39,39,100000000,0,1
D1,61,61,100,40,40,40,5066666666.666667,0,1
D1,61,61,100,8,8,8,833333333.3333334,0,1
D1,61,61,100,II.F2,II.F2,II.F2,2000000000,0,1
D1,61,61,5-95,2-25,2,25,4666666666.666667,3333333333.3333335,0.6185185185185186
D1,61,61,5-95,2-32,2,32,133333333.33333334,3733333333.3333335,0.9639423076923077
D1,61,61,5-95,2-II.F2,2,II.F2,2333333333.3333335,1733333333.3333333,0.5799663299663299
D1,61,61,5-95,40-2,40,2,66666666.666666664,1933333333.3333333,0.9674603174603175
D1,61,61,5-95,40-39,40,39,0,0,NA
D1,61,61,5-95,40-8,40,8,200000000,1100000000,0.8441558441558442
D1,61,61,5-95,40-II.F2,40,II.F2,0,0,NA
D1,61,61,5-95,6-25,6,25,4333333333.333333,7333333333.333333,0.35757575757575755
D1,61,61,50-50,2-25,2,25,4333333333.333333,2333333333.3333335,0.6259259259259259
D1,61,61,50-50,2-32,2,32,66666666.666666664,4066666666.6666665,0.9844253490870032
D1,61,61,50-50,2-II.F2,2,II.F2,2600000000,433333333.3333333,0.84996684996685
D1,61,61,50-50,40-2,40,2,700000000,1566666666.6666667,0.6944444444444444
D1,61,61,50-50,40-39,40,39,0,0,NA
D1,61,61,50-50,40-8,40,8,1433333333.3333333,733333333.3333334,0.3104700854700855
D1,61,61,50-50,40-II.F2,40,II.F2,0,0,NA
D1,61,61,50-50,6-25,6,25,7333333333.333333,4666666666.666667,0.6285774410774411
D1,61,61,95-5,2-25,2,25,3000000000,1666666666.6666665,0.6666666666666667
D1,61,61,95-5,2-32,2,32,1400000000,400000000,0.21746359362458434
D1,61,61,95-5,2-II.F2,2,II.F2,2033333333.3333333,66666666.666666664,0.9696356275303644
D1,61,61,95-5,40-2,40,2,2100000000,900000000,0.2975867269984917
D1,61,61,95-5,40-39,40,39,3800000000,33333333.333333336,0.9912280701754386
D1,61,61,95-5,40-8,40,8,2233333333.3333335,533333333.3333333,0.18006993006993008
D1,61,61,95-5,40-II.F2,40,II.F2,2800000000,800000000,0.7802197802197802
D1,61,61,95-5,6-25,6,25,9666666666.666666,4333333333.333333,0.6765086765086765
D3,16,16,100,2,2,2,1566666666.6666667,0,1
D3,16,16,100,25,25,25,7833333333.333333,0,1
D3,16,16,100,32,32,32,2533333333.3333335,0,1
D3,16,16,100,39,39,39,3600000000,0,1
D3,16,16,100,40,40,40,4933333333.333333,0,1
D3,16,16,100,8,8,8,1400000000,0,1
D3,16,16,100,II.F2,II.F2,II.F2,2133333333.3333333,0,1
D3,16,16,5-95,2-25,2,25,1000000000,11333333333.333334,0.08278388278388278
D3,16,16,5-95,2-32,2,32,0,2333333333.3333335,1
D3,16,16,5-95,2-II.F2,2,II.F2,800000000,2933333333.3333335,0.21311571311571312
D3,16,16,5-95,40-2,40,2,3833333333.3333335,0,0
D3,16,16,5-95,40-39,40,39,3066666666.6666665,900000000,0.7669250645994832
D3,16,16,5-95,40-8,40,8,2566666666.6666665,400000000,0.1367508210180624
D3,16,16,5-95,40-II.F2,40,II.F2,2933333333.3333335,300000000,0.9084392310198762
D3,16,16,5-95,6-25,6,25,4333333333.333333,6333333333.333333,0.42857142857142855
D3,16,16,50-50,2-25,2,25,1333333333.3333333,13666666666.666666,0.09048821548821549
D3,16,16,50-50,2-32,2,32,0,4000000000,1
D3,16,16,50-50,2-II.F2,2,II.F2,1233333333.3333333,2600000000,0.31581494386372433
D3,16,16,50-50,40-2,40,2,4166666666.6666665,0,0
D3,16,16,50-50,40-39,40,39,4466666666.666667,366666666.6666667,0.9235778841041998
D3,16,16,50-50,40-8,40,8,2533333333.3333335,566666666.6666666,0.1770417520768152
D3,16,16,50-50,40-II.F2,40,II.F2,3900000000,333333333.3333333,0.9207790786738155
D3,16,16,50-50,6-25,6,25,4333333333.333333,9666666666.666666,0.318218954248366
D3,16,16,95-5,2-25,2,25,2000000000,8000000000,0.20634920634920634
D3,16,16,95-5,2-32,2,32,100000000,2500000000,0.6666666666666666
D3,16,16,95-5,2-II.F2,2,II.F2,1066666666.6666666,2833333333.3333335,0.27098276400601984
D3,16,16,95-5,40-2,40,2,2966666666.6666665,0,0
D3,16,16,95-5,40-39,40,39,3500000000,633333333.3333334,0.8469696969696969
D3,16,16,95-5,40-8,40,8,2433333333.3333335,433333333.3333333,0.1585206907787553
D3,16,16,95-5,40-II.F2,40,II.F2,3433333333.3333335,400000000,0.8859531772575251
D3,16,16,95-5,6-25,6,25,2666666666.6666665,7333333333.333333,0.2621082621082621
D3,31,31,100,2,2,2,2233333333.3333335,0,1
D3,31,31,100,25,25,25,7900000000,0,1
D3,31,31,100,32,32,32,4600000000,0,1
D3,31,31,100,39,39,39,4800000000,0,1
D3,31,31,100,40,40,40,4066666666.6666665,0,1
D3,31,31,100,8,8,8,1766666666.6666667,0,1
D3,31,31,100,II.F2,II.F2,II.F2,9166666666.666666,0,1
D3,31,31,5-95,2-25,2,25,2833333333.3333335,2166666666.6666665,0.5376984126984127
D3,31,31,5-95,2-32,2,32,266666666.66666666,2966666666.6666665,0.9162485065710873
D3,31,31,5-95,2-II.F2,2,II.F2,2000000000,1933333333.3333333,0.5097948122338366
D3,31,31,5-95,40-2,40,2,2033333333.3333333,1500000000,0.45863160078846354
D3,31,31,5-95,40-39,40,39,3200000000,400000000,0.8576620909954243
D3,31,31,5-95,40-8,40,8,2466666666.6666665,700000000,0.23385964912280702
D3,31,31,5-95,40-II.F2,40,II.F2,3933333333.3333335,966666666.6666666,0.7912137049941929
D3,31,31,5-95,6-25,6,25,833333333.3333334,6500000000,0.11143790849673202
D3,31,31,50-50,2-25,2,25,2833333333.3333335,3666666666.6666665,0.43398901293638137
D3,31,31,50-50,2-32,2,32,433333333.3333333,2833333333.3333335,0.8690476190476191
D3,31,31,50-50,2-II.F2,2,II.F2,2100000000,900000000,0.6932773109243697
D3,31,31,50-50,40-2,40,2,4166666666.6666665,1200000000,0.2236706689536878
D3,31,31,50-50,40-39,40,39,4233333333.3333335,33333333.333333336,0.9904761904761905
D3,31,31,50-50,40-8,40,8,2200000000,733333333.3333334,0.25297619047619047
D3,31,31,50-50,40-II.F2,40,II.F2,3833333333.3333335,300000000,0.9248960498960499
D3,31,31,50-50,6-25,6,25,1166666666.6666667,4166666666.6666665,0.22306397306397308
D3,31,31,95-5,2-25,2,25,833333333.3333334,2166666666.6666665,0.3888888888888889
D3,31,31,95-5,2-32,2,32,733333333.3333334,2500000000,0.786629788854483
D3,31,31,95-5,2-II.F2,2,II.F2,2100000000,133333333.33333334,0.9540229885057471
D3,31,31,95-5,40-2,40,2,3933333333.3333335,733333333.3333334,0.15673758865248227
D3,31,31,95-5,40-39,40,39,1266666666.6666667,466666666.6666667,0.7132034632034632
D3,31,31,95-5,40-8,40,8,1900000000,733333333.3333334,0.30002886002886003
D3,31,31,95-5,40-II.F2,40,II.F2,4133333333.3333335,133333333.33333334,0.967673248161053
D3,31,31,95-5,6-25,6,25,1166666666.6666667,3333333333.3333335,0.24848484848484848
D3,46,46,100,2,2,2,1833333333.3333333,0,1
D3,46,46,100,25,25,25,8466666666.666667,0,1
D3,46,46,100,32,32,32,3000000000,0,1
D3,46,46,100,39,39,39,833333333.3333334,0,1
D3,46,46,100,40,40,40,3100000000,0,1
D3,46,46,100,8,8,8,733333333.3333334,0,1
D3,46,46,100,II.F2,II.F2,II.F2,1400000000,0,1
D3,46,46,5-95,2-25,2,25,7666666666.666667,2000000000,0.7925925925925926
D3,46,46,5-95,2-32,2,32,200000000,3266666666.6666665,0.9426162073220897
D3,46,46,5-95,2-II.F2,2,II.F2,1000000000,2033333333.3333333,0.3526984126984127
D3,46,46,5-95,40-2,40,2,666666666.6666666,1500000000,0.7016908212560387
D3,46,46,5-95,40-39,40,39,2633333333.3333335,233333333.33333334,0.8992961287078934
D3,46,46,5-95,40-8,40,8,2100000000,433333333.3333333,0.18033509700176364
D3,46,46,5-95,40-II.F2,40,II.F2,4133333333.3333335,2433333333.3333335,0.6286608540129667
D3,46,46,5-95,6-25,6,25,24000000000,5000000000,0.8029355420329051
D3,46,46,50-50,2-25,2,25,2000000000,3333333333.3333335,0.49206349206349204
D3,46,46,50-50,2-32,2,32,166666666.66666666,2700000000,0.9374741200828157
D3,46,46,50-50,2-II.F2,2,II.F2,1266666666.6666667,1300000000,0.49589349718381975
D3,46,46,50-50,40-2,40,2,3233333333.3333335,233333333.33333334,0.07291666666666666
D3,46,46,50-50,40-39,40,39,2566666666.6666665,300000000,0.8618618618618619
D3,46,46,50-50,40-8,40,8,2966666666.6666665,633333333.3333334,0.17172451256753582
D3,46,46,50-50,40-II.F2,40,II.F2,3800000000,2633333333.3333335,0.5897742303992304
D3,46,46,50-50,6-25,6,25,10000000000,6000000000,0.6166666666666667
D3,46,46,95-5,2-25,2,25,2000000000,5333333333.333333,0.2857142857142857
D3,46,46,95-5,2-32,2,32,300000000,966666666.6666666,0.7159090909090909
D3,46,46,95-5,2-II.F2,2,II.F2,1500000000,100000000,0.9333333333333333
D3,46,46,95-5,40-2,40,2,2666666666.6666665,466666666.6666667,0.14523809523809522
D3,46,46,95-5,40-39,40,39,2333333333.3333335,0,1
D3,46,46,95-5,40-8,40,8,3366666666.6666665,466666666.6666667,0.12064683284195479
D3,46,46,95-5,40-II.F2,40,II.F2,4400000000,1666666666.6666667,0.7327007326312669
D3,46,46,95-5,6-25,6,25,7333333333.333333,3000000000,0.7005291005291006
D3,61,61,100,2,2,2,1833333333.3333333,0,1
D3,61,61,100,25,25,25,6366666666.666667,0,1
D3,61,61,100,32,32,32,1833333333.3333333,0,1
D3,61,61,100,39,39,39,600000000,0,1
D3,61,61,100,40,40,40,4400000000,0,1
D3,61,61,100,8,8,8,800000000,0,1
D3,61,61,100,II.F2,II.F2,II.F2,1733333333.3333333,0,1
D3,61,61,5-95,2-25,2,25,3333333333.3333335,2666666666.6666665,0.6190476190476191
D3,61,61,5-95,2-32,2,32,233333333.33333334,1933333333.3333333,0.8922266139657444
D3,61,61,5-95,2-II.F2,2,II.F2,1366666666.6666667,1433333333.3333333,0.4942703533026114
D3,61,61,5-95,40-2,40,2,166666666.66666666,1800000000,0.919047619047619
D3,61,61,5-95,40-39,40,39,4033333333.3333335,0,1
D3,61,61,5-95,40-8,40,8,666666666.6666666,633333333.3333334,0.4913419913419913
D3,61,61,5-95,40-II.F2,40,II.F2,733333333.3333334,2100000000,0.2737964320625611
D3,61,61,5-95,6-25,6,25,10000000000,4333333333.333333,0.6087962962962963
D3,61,61,50-50,2-25,2,25,5666666666.666667,2000000000,0.7354497354497355
D3,61,61,50-50,2-32,2,32,400000000,1566666666.6666667,0.799074074074074
D3,61,61,50-50,2-II.F2,2,II.F2,1466666666.6666667,766666666.6666666,0.6576353928299009
D3,61,61,50-50,40-2,40,2,200000000,2133333333.3333333,0.9090909090909091
D3,61,61,50-50,40-39,40,39,3500000000,0,1
D3,61,61,50-50,40-8,40,8,1166666666.6666667,600000000,0.3443627450980392
D3,61,61,50-50,40-II.F2,40,II.F2,933333333.3333334,1833333333.3333333,0.3382961124896609
D3,61,61,50-50,6-25,6,25,9000000000,6333333333.333333,0.5757834757834758
D3,61,61,95-5,2-25,2,25,2333333333.3333335,1333333333.3333333,0.6333333333333333
D3,61,61,95-5,2-32,2,32,200000000,1233333333.3333333,0.8526658526658527
D3,61,61,95-5,2-II.F2,2,II.F2,1166666666.6666667,133333333.33333333,0.888888888888889
D3,61,61,95-5,40-2,40,2,466666666.6666667,1733333333.3333333,0.7849206349206349
D3,61,61,95-5,40-39,40,39,3866666666.6666665,0,1
D3,61,61,95-5,40-8,40,8,1100000000,533333333.3333333,0.35702075702075703
D3,61,61,95-5,40-II.F2,40,II.F2,1400000000,1533333333.3333333,0.4733044733044733
D3,61,61,95-5,6-25,6,25,8000000000,4666666666.666667,0.669047619047619
D5,16,16,100,2,2,2,1133333333.3333333,0,1
D5,16,16,100,25,25,25,11466666666.666666,0,1
D5,16,16,100,32,32,32,1466666666.6666667,0,1
D5,16,16,100,39,39,39,4833333333.333333,0,1
D5,16,16,100,40,40,40,2000000000,0,1
D5,16,16,100,8,8,8,1366666666.6666667,0,1
D5,16,16,100,II.F2,II.F2,II.F2,2866666666.6666665,0,1
D5,16,16,5-95,2-25,2,25,1500000000,16000000000,0.0625
D5,16,16,5-95,2-32,2,32,100000000,133333333.33333333,0.5555555555555556
D5,16,16,5-95,2-II.F2,2,II.F2,433333333.3333333,4066666666.6666665,0.0903561424569828
D5,16,16,5-95,40-2,40,2,2800000000,0,0
D5,16,16,5-95,40-39,40,39,1833333333.3333333,1233333333.3333333,0.5226302189582483
D5,16,16,5-95,40-8,40,8,3600000000,66666666.66666667,0.02564102564102564
D5,16,16,5-95,40-II.F2,40,II.F2,2833333333.3333335,666666666.6666666,0.8056884057971014
D5,16,16,5-95,6-25,6,25,15000000000,10000000000,0.6090225563909775
D5,16,16,50-50,2-25,2,25,1666666666.6666667,15333333333.333334,0.10381836945304437
D5,16,16,50-50,2-32,2,32,0,2300000000,1
D5,16,16,50-50,2-II.F2,2,II.F2,566666666.6666666,4433333333.333333,0.11290252956919623
D5,16,16,50-50,40-2,40,2,5166666666.666667,0,0
D5,16,16,50-50,40-39,40,39,2833333333.3333335,1000000000,0.6430335097001764
D5,16,16,50-50,40-8,40,8,3133333333.3333335,433333333.3333333,0.10304405369635092
D5,16,16,50-50,40-II.F2,40,II.F2,3500000000,366666666.6666667,0.8897546897546897
D5,16,16,50-50,6-25,6,25,7000000000,10666666666.666666,0.39721097615834455
D5,16,16,95-5,2-25,2,25,2333333333.3333335,12666666666.666666,0.13725490196078433
D5,16,16,95-5,2-32,2,32,33333333.333333336,2033333333.3333333,0.8888888888888888
D5,16,16,95-5,2-II.F2,2,II.F2,600000000,4866666666.666667,0.10636161560029302
D5,16,16,95-5,40-2,40,2,2433333333.3333335,0,0
D5,16,16,95-5,40-39,40,39,2166666666.6666665,866666666.6666666,0.6734307359307359
D5,16,16,95-5,40-8,40,8,3300000000,400000000,0.08316326530612245
D5,16,16,95-5,40-II.F2,40,II.F2,1800000000,166666666.66666666,0.9184265010351966
D5,16,16,95-5,6-25,6,25,8000000000,7333333333.333333,0.5219421101774042
D5,31,31,100,2,2,2,2066666666.6666667,0,1
D5,31,31,100,25,25,25,9266666666.666666,0,1
D5,31,31,100,32,32,32,3033333333.3333335,0,1
D5,31,31,100,39,39,39,1766666666.6666667,0,1
D5,31,31,100,40,40,40,4633333333.333333,0,1
D5,31,31,100,8,8,8,2300000000,0,1
D5,31,31,100,II.F2,II.F2,II.F2,2633333333.3333335,0,1
D5,31,31,5-95,2-25,2,25,666666666.6666666,7000000000,0.08333333333333333
D5,31,31,5-95,2-32,2,32,66666666.66666667,1433333333.3333333,0.6666666666666666
D5,31,31,5-95,2-II.F2,2,II.F2,1600000000,733333333.3333334,0.6917588584255251
D5,31,31,5-95,40-2,40,2,5300000000,366666666.6666667,0.07513358966775116
D5,31,31,5-95,40-39,40,39,3366666666.6666665,400000000,0.8796430555254976
D5,31,31,5-95,40-8,40,8,3166666666.6666665,766666666.6666666,0.19323308270676692
D5,31,31,5-95,40-II.F2,40,II.F2,4933333333.333333,0,1
D5,31,31,5-95,6-25,6,25,3666666666.6666665,10666666666.666666,0.2523809523809524
D5,31,31,50-50,2-25,2,25,2666666666.6666665,9000000000,0.22474747474747475
D5,31,31,50-50,2-32,2,32,66666666.66666667,3166666666.6666665,0.9753086419753086
D5,31,31,50-50,2-II.F2,2,II.F2,1800000000,666666666.6666666,0.7414141414141414
D5,31,31,50-50,40-2,40,2,5700000000,66666666.666666664,0.01121160731109855
D5,31,31,50-50,40-39,40,39,4133333333.3333335,100000000,0.9660818713450292
D5,31,31,50-50,40-8,40,8,3333333333.3333335,800000000,0.22119883040935673
D5,31,31,50-50,40-II.F2,40,II.F2,5733333333.333333,0,1
D5,31,31,50-50,6-25,6,25,5000000000,10666666666.666666,0.3614766081871345
D5,31,31,95-5,2-25,2,25,333333333.3333334,11000000000,0.030303030303030304
D5,31,31,95-5,2-32,2,32,100000000,2733333333.3333335,0.9655172413793104
D5,31,31,95-5,2-II.F2,2,II.F2,1666666666.6666667,66666666.66666667,0.9583333333333334
D5,31,31,95-5,40-2,40,2,5666666666.666667,133333333.33333333,0.02299192360406178
D5,31,31,95-5,40-39,40,39,4433333333.333333,66666666.666666664,0.9860566448801743
D5,31,31,95-5,40-8,40,8,3700000000,666666666.6666666,0.1540204678362573
D5,31,31,95-5,40-II.F2,40,II.F2,5533333333.333333,33333333.333333336,0.9938271604938271
D5,31,31,95-5,6-25,6,25,5666666666.666667,10666666666.666666,0.33194444444444443
D5,46,46,100,2,2,2,900000000,0,1
D5,46,46,100,25,25,25,7233333333.333333,0,1
D5,46,46,100,32,32,32,1833333333.3333333,0,1
D5,46,46,100,39,39,39,500000000,0,1
D5,46,46,100,40,40,40,2033333333.3333333,0,1
D5,46,46,100,8,8,8,1266666666.6666667,0,1
D5,46,46,100,II.F2,II.F2,II.F2,1500000000,0,1
D5,46,46,5-95,2-25,2,25,2166666666.6666665,3500000000,0.34325396825396826
D5,46,46,5-95,2-32,2,32,166666666.6666667,2233333333.3333335,0.927536231884058
D5,46,46,5-95,2-II.F2,2,II.F2,800000000,1566666666.6666667,0.3458725182863114
D5,46,46,5-95,40-2,40,2,700000000,1033333333.3333334,0.5848073495132319
D5,46,46,5-95,40-39,40,39,1766666666.6666667,0,1
D5,46,46,5-95,40-8,40,8,3033333333.3333335,466666666.6666667,0.13914095583787053
D5,46,46,5-95,40-II.F2,40,II.F2,3000000000,1733333333.3333333,0.6312614864134409
D5,46,46,5-95,6-25,6,25,7500000000,5500000000,0.5848717055613607
D5,46,46,50-50,2-25,2,25,2000000000,4166666666.6666665,0.2986111111111111
D5,46,46,50-50,2-32,2,32,66666666.66666667,2066666666.6666667,0.9682539682539683
D5,46,46,50-50,2-II.F2,2,II.F2,800000000,1566666666.6666667,0.4036796536796537
D5,46,46,50-50,40-2,40,2,2300000000,200000000,0.07518336070060208
D5,46,46,50-50,40-39,40,39,1766666666.6666667,100000000,0.9
D5,46,46,50-50,40-8,40,8,2566666666.6666665,533333333.3333333,0.18458874458874458
D5,46,46,50-50,40-II.F2,40,II.F2,3933333333.3333335,1633333333.3333333,0.7231296415693579
D5,46,46,50-50,6-25,6,25,8500000000,5833333333.333333,0.6018903318903319
D5,46,46,95-5,2-25,2,25,2333333333.3333335,5000000000,0.30683760683760686
D5,46,46,95-5,2-32,2,32,166666666.66666666,2266666666.6666665,0.9484386347131445
D5,46,46,95-5,2-II.F2,2,II.F2,1100000000,66666666.66666667,0.9333333333333333
D5,46,46,95-5,40-2,40,2,1466666666.6666667,166666666.66666666,0.0980952380952381
D5,46,46,95-5,40-39,40,39,2533333333.3333335,0,1
D5,46,46,95-5,40-8,40,8,2300000000,566666666.6666666,0.2
D5,46,46,95-5,40-II.F2,40,II.F2,3166666666.6666665,733333333.3333334,0.8268133371062063
D5,46,46,95-5,6-25,6,25,7000000000,6833333333.333333,0.5100308641975309
D5,61,61,100,2,2,2,1433333333.3333333,0,1
D5,61,61,100,25,25,25,7266666666.666667,0,1
D5,61,61,100,32,32,32,4600000000,0,1
D5,61,61,100,39,39,39,333333333.3333334,0,1
D5,61,61,100,40,40,40,5700000000,0,1
D5,61,61,100,8,8,8,2100000000,0,1
D5,61,61,100,II.F2,II.F2,II.F2,2366666666.6666665,0,1
D5,61,61,5-95,2-25,2,25,3000000000,4833333333.333333,0.4027388733271086
D5,61,61,5-95,2-32,2,32,300000000,2366666666.6666665,0.8769963630613535
D5,61,61,5-95,2-II.F2,2,II.F2,1400000000,433333333.3333333,0.7822890559732665
D5,61,61,5-95,40-2,40,2,0,1800000000,1
D5,61,61,5-95,40-39,40,39,0,0,NA
D5,61,61,5-95,40-8,40,8,1100000000,1233333333.3333333,0.5595878136200717
D5,61,61,5-95,40-II.F2,40,II.F2,2600000000,2333333333.3333335,0.52725263591525
D5,61,61,5-95,6-25,6,25,9666666666.666666,4833333333.333333,0.641969696969697
D5,61,61,50-50,2-25,2,25,3166666666.6666665,2833333333.3333335,0.50503663003663
D5,61,61,50-50,2-32,2,32,300000000,1900000000,0.8471177944862155
D5,61,61,50-50,2-II.F2,2,II.F2,1433333333.3333333,533333333.3333333,0.7757575757575758
D5,61,61,50-50,40-2,40,2,33333333.333333336,1933333333.3333333,0.9855072463768116
D5,61,61,50-50,40-39,40,39,4566666666.666667,0,1
D5,61,61,50-50,40-8,40,8,2100000000,600000000,0.22690929142542046
D5,61,61,50-50,40-II.F2,40,II.F2,2033333333.3333333,3433333333.3333335,0.37780448717948717
D5,61,61,50-50,6-25,6,25,11500000000,6833333333.333333,0.623905723905724
D5,61,61,95-5,2-25,2,25,2000000000,3666666666.6666665,0.298989898989899
D5,61,61,95-5,2-32,2,32,100000000,2366666666.6666665,0.9642857142857143
D5,61,61,95-5,2-II.F2,2,II.F2,1033333333.3333334,100000000,0.924908424908425
D5,61,61,95-5,40-2,40,2,33333333.333333336,1466666666.6666667,0.9777777777777777
D5,61,61,95-5,40-39,40,39,5100000000,0,1
D5,61,61,95-5,40-8,40,8,2133333333.3333333,600000000,0.22505973715651134
D5,61,61,95-5,40-II.F2,40,II.F2,1600000000,2366666666.6666665,0.4064770028258872
D5,61,61,95-5,6-25,6,25,3500000000,5666666666.666667,0.3806100217864924
D7,16,16,100,2,2,2,1500000000,0,1
D7,16,16,100,25,25,25,9200000000,0,1
D7,16,16,100,32,32,32,2833333333.3333335,0,1
D7,16,16,100,39,39,39,4666666666.666667,0,1
D7,16,16,100,40,40,40,4233333333.3333335,0,1
D7,16,16,100,8,8,8,1500000000,0,1
D7,16,16,100,II.F2,II.F2,II.F2,1733333333.3333333,0,1
D7,16,16,5-95,2-25,2,25,4250000000,8250000000,0.33653846153846156
D7,16,16,5-95,2-32,2,32,0,2833333333.3333335,1
D7,16,16,5-95,2-II.F2,2,II.F2,266666666.66666666,2500000000,0.09450830140485313
D7,16,16,5-95,40-2,40,2,3066666666.6666665,133333333.33333333,0.043634727845254156
D7,16,16,5-95,40-39,40,39,1766666666.6666667,1400000000,0.5158831908831909
D7,16,16,5-95,40-8,40,8,3566666666.6666665,833333333.3333334,0.19154471544715448
D7,16,16,5-95,40-II.F2,40,II.F2,3033333333.3333335,166666666.66666666,0.9489157676800697
D7,16,16,5-95,6-25,6,25,6166666666.666667,3666666666.6666665,0.6381673881673882
D7,16,16,50-50,2-25,2,25,333333333.3333334,11500000000,0.02222222222222222
D7,16,16,50-50,2-32,2,32,0,1866666666.6666667,1
D7,16,16,50-50,2-II.F2,2,II.F2,666666666.6666666,2900000000,0.19365079365079363
D7,16,16,50-50,40-2,40,2,2933333333.3333335,233333333.33333334,0.0878167641325536
D7,16,16,50-50,40-39,40,39,3433333333.3333335,1200000000,0.74026792750197
D7,16,16,50-50,40-8,40,8,2933333333.3333335,533333333.3333333,0.15551782682512733
D7,16,16,50-50,40-II.F2,40,II.F2,4100000000,133333333.33333334,0.9705933229545062
D7,16,16,50-50,6-25,6,25,8833333333.333334,2666666666.6666665,0.7318007662835249
D7,16,16,95-5,2-25,2,25,500000000,12833333333.333334,0.045188729399255716
D7,16,16,95-5,2-32,2,32,0,2800000000,1
D7,16,16,95-5,2-II.F2,2,II.F2,366666666.6666667,2866666666.6666665,0.11808865215088932
D7,16,16,95-5,40-2,40,2,4033333333.3333335,33333333.333333336,0.009259259259259259
D7,16,16,95-5,40-39,40,39,3733333333.3333335,1100000000,0.7798083798083798
D7,16,16,95-5,40-8,40,8,3500000000,500000000,0.12832207019763198
D7,16,16,95-5,40-II.F2,40,II.F2,3533333333.3333335,33333333.333333336,0.9871794871794872
D7,16,16,95-5,6-25,6,25,7166666666.666667,3833333333.3333335,0.6339869281045751
D7,31,31,100,2,2,2,966666666.6666666,0,1
D7,31,31,100,25,25,25,6433333333.333333,0,1
D7,31,31,100,32,32,32,1333333333.3333333,0,1
D7,31,31,100,39,39,39,2900000000,0,1
D7,31,31,100,40,40,40,4800000000,0,1
D7,31,31,100,8,8,8,1666666666.6666667,0,1
D7,31,31,100,II.F2,II.F2,II.F2,2166666666.6666665,0,1
D7,31,31,5-95,2-25,2,25,2500000000,5333333333.333333,0.31805555555555554
D7,31,31,5-95,2-32,2,32,833333333.3333334,833333333.3333333,0.3205128205128205
D7,31,31,5-95,2-II.F2,2,II.F2,1300000000,1000000000,0.5583712905452036
D7,31,31,5-95,40-2,40,2,2833333333.3333335,900000000,0.23651793934207285
D7,31,31,5-95,40-39,40,39,1133333333.3333333,600000000,0.667056530214425
D7,31,31,5-95,40-8,40,8,2666666666.6666665,933333333.3333334,0.26268331788829563
D7,31,31,5-95,40-II.F2,40,II.F2,5933333333.333333,266666666.6666667,0.9573260073260074
D7,31,31,5-95,6-25,6,25,1833333333.3333333,8833333333.333334,0.1730503795721187
D7,31,31,50-50,2-25,2,25,1166666666.6666667,5000000000,0.1858974358974359
D7,31,31,50-50,2-32,2,32,166666666.66666666,2300000000,0.9365079365079365
D7,31,31,50-50,2-II.F2,2,II.F2,1033333333.3333334,1566666666.6666667,0.4062188482478337
D7,31,31,50-50,40-2,40,2,2566666666.6666665,566666666.6666666,0.17572751322751323
D7,31,31,50-50,40-39,40,39,966666666.6666666,800000000,0.5946275946275946
D7,31,31,50-50,40-8,40,8,3500000000,733333333.3333334,0.1781147663500605
D7,31,31,50-50,40-II.F2,40,II.F2,6966666666.666667,33333333.333333336,0.9953703703703703
D7,31,31,50-50,6-25,6,25,3166666666.6666665,6166666666.666667,0.3414322250639386
D7,31,31,95-5,2-25,2,25,1833333333.3333333,6666666666.666667,0.20638611175695576
D7,31,31,95-5,2-32,2,32,300000000,1233333333.3333333,0.7512626262626263
D7,31,31,95-5,2-II.F2,2,II.F2,1500000000,33333333.333333336,0.9743589743589743
D7,31,31,95-5,40-2,40,2,2200000000,566666666.6666666,0.2065819485174324
D7,31,31,95-5,40-39,40,39,1266666666.6666667,433333333.3333333,0.7555555555555555
D7,31,31,95-5,40-8,40,8,3500000000,966666666.6666666,0.21990361883978904
D7,31,31,95-5,40-II.F2,40,II.F2,5800000000,133333333.33333333,0.9794677406617706
D7,31,31,95-5,6-25,6,25,3166666666.6666665,12000000000,0.21117084826762245
D7,46,46,100,2,2,2,1166666666.6666667,0,1
D7,46,46,100,25,25,25,8233333333.333333,0,1
D7,46,46,100,32,32,32,1933333333.3333333,0,1
D7,46,46,100,39,39,39,400000000,0,1
D7,46,46,100,40,40,40,1733333333.3333333,0,1
D7,46,46,100,8,8,8,1366666666.6666667,0,1
D7,46,46,100,II.F2,II.F2,II.F2,1100000000,0,1
D7,46,46,5-95,2-25,2,25,7166666666.666667,1833333333.3333333,0.7468766613503456
D7,46,46,5-95,2-32,2,32,0,1066666666.6666666,1
D7,46,46,5-95,2-II.F2,2,II.F2,1566666666.6666667,533333333.3333333,0.7550312563016737
D7,46,46,5-95,40-2,40,2,400000000,1700000000,0.8022592713668228
D7,46,46,5-95,40-39,40,39,10000000000,0,1
D7,46,46,5-95,40-8,40,8,1700000000,1300000000,0.43801169590643274
D7,46,46,5-95,40-II.F2,40,II.F2,1800000000,133333333.33333334,0.9310344827586207
D7,46,46,5-95,6-25,6,25,44666666666.666664,1333333333.3333333,0.9454545454545454
D7,46,46,50-50,2-25,2,25,9833333333.333334,2000000000,0.8237076648841355
D7,46,46,50-50,2-32,2,32,233333333.3333333,1666666666.6666667,0.9053934571175951
D7,46,46,50-50,2-II.F2,2,II.F2,1533333333.3333333,766666666.6666666,0.6794261294261295
D7,46,46,50-50,40-2,40,2,1033333333.3333334,1333333333.3333333,0.5588405797101449
D7,46,46,50-50,40-39,40,39,6366666666.666667,0,1
D7,46,46,50-50,40-8,40,8,1733333333.3333333,800000000,0.3154108131119625
D7,46,46,50-50,40-II.F2,40,II.F2,1766666666.6666665,233333333.3333333,0.8833333333333333
D7,46,46,50-50,6-25,6,25,38666666666.666664,1000000000,0.9523809523809523
D7,46,46,95-5,2-25,2,25,2666666666.6666665,4166666666.6666665,0.3974867724867725
D7,46,46,95-5,2-32,2,32,133333333.33333333,1600000000,0.9249827467218772
D7,46,46,95-5,2-II.F2,2,II.F2,800000000,333333333.3333333,0.7453703703703703
D7,46,46,95-5,40-2,40,2,700000000,1000000000,0.587547299621603
D7,46,46,95-5,40-39,40,39,4466666666.666667,0,1
D7,46,46,95-5,40-8,40,8,1000000000,1166666666.6666667,0.5440476190476191
D7,46,46,95-5,40-II.F2,40,II.F2,3266666666.6666665,333333333.3333333,0.9042865446091253
D7,46,46,95-5,6-25,6,25,3666666666.6666665,6500000000,0.3421658986175115
D7,61,61,100,2,2,2,1500000000,0,1
D7,61,61,100,25,25,25,6266666666.666667,0,1
D7,61,61,100,32,32,32,400000000,0,1
D7,61,61,100,39,39,39,300000000,0,1
D7,61,61,100,40,40,40,5266666666.666667,0,1
D7,61,61,100,8,8,8,1633333333.3333333,0,1
D7,61,61,100,II.F2,II.F2,II.F2,1000000000,0,1
D7,61,61,5-95,2-25,2,25,10666666666.666666,166666666.6666667,0.9791666666666666
D7,61,61,5-95,2-32,2,32,0,0,NA
D7,61,61,5-95,2-II.F2,2,II.F2,1066666666.6666666,466666666.6666667,0.6723646723646723
D7,61,61,5-95,40-2,40,2,33333333.333333336,1033333333.3333334,0.9743589743589743
D7,61,61,5-95,40-39,40,39,5300000000,0,1
D7,61,61,5-95,40-8,40,8,433333333.3333333,1033333333.3333334,0.7067026540710751
D7,61,61,5-95,40-II.F2,40,II.F2,2900000000,1933333333.3333333,0.6078790490555197
D7,61,61,5-95,6-25,6,25,11833333333.333334,2666666666.6666665,0.6234696234696235
D7,61,61,50-50,2-25,2,25,6500000000,1000000000,0.8204678362573099
D7,61,61,50-50,2-32,2,32,0,0,NA
D7,61,61,50-50,2-II.F2,2,II.F2,800000000,300000000,0.7870370370370371
D7,61,61,50-50,40-2,40,2,33333333.333333336,1266666666.6666667,0.9629629629629629
D7,61,61,50-50,40-39,40,39,5566666666.666667,0,1
D7,61,61,50-50,40-8,40,8,533333333.3333333,866666666.6666666,0.6427005012531328
D7,61,61,50-50,40-II.F2,40,II.F2,2100000000,2400000000,0.46746031746031746
D7,61,61,50-50,6-25,6,25,12333333333.333332,0,1
D7,61,61,95-5,2-25,2,25,8333333333.333334,2000000000,0.7175824175824176
D7,61,61,95-5,2-32,2,32,266666666.6666667,2266666666.6666665,0.8964285714285715
D7,61,61,95-5,2-II.F2,2,II.F2,1533333333.3333333,66666666.66666667,0.9629629629629629
D7,61,61,95-5,40-2,40,2,100000000,1166666666.6666667,0.9
D7,61,61,95-5,40-39,40,39,5333333333.333333,0,1
D7,61,61,95-5,40-8,40,8,400000000,933333333.3333334,0.7014652014652015
D7,61,61,95-5,40-II.F2,40,II.F2,666666666.6666666,2233333333.3333335,0.22496947496947498
D7,61,61,95-5,6-25,6,25,6500000000,4666666666.666667,0.5080213903743316
